Cnty,CouSub,,Area Name,(Mi2),1930,1940,1950,1960,1970,1980,1990,2000,2010,2010 (Pop/Mi2),Share in 2010,2010 Revised Total,Change from Original,2010,2011,2012,2013,2014,2015,2016,2017,2018,
,,25,Massachusetts,"7,840.0"," 	4,248,326 "," 	4,316,721 "," 	4,690,514 "," 	5,148,578 "," 	5,689,377 "," 	5,737,037 "," 	6,016,425 "," 	6,349,113 "," 	6,547,629 ",835.2,,"6,547,790",161,"6,566,431","6,613,149","6,663,158","6,713,944","6,763,652","6,795,891","6,826,022","6,863,246","6,902,149",
001,03690,2500103690,Barnstable town city,60.0," 	7,271 "," 	8,333 "," 	10,480 "," 	13,465 "," 	19,842 "," 	30,898 "," 	40,949 ","47,821"," 	45,193 ",752.8,0.7%,"45,187",-6,"45,146","44,852","44,738","44,581","44,469"," 	44,267 "," 	44,155 "," 	44,165 "," 	44,460 ",
001,07175,2500107175,Bourne town,40.9," 	2,895 "," 	3,315 "," 	4,720 "," 	14,011 "," 	12,636 "," 	13,874 "," 	16,064 ","18,721"," 	19,754 ",482.8,0.3%,"19,741",-13,"19,756","19,790","19,753","19,735","19,740"," 	19,854 "," 	19,883 "," 	19,872 "," 	19,872 ",
001,07980,2500107980,Brewster town,23.0, 	769 , 	827 , 	987 ," 	1,236 "," 	1,790 "," 	5,226 "," 	8,440 ","10,098"," 	9,820 ",427.2,0.1%,"9,826",,"9,859","9,839","9,819","9,798","9,938"," 	9,880 "," 	9,841 "," 	9,846 "," 	9,806 ",
001,12995,2500112995,Chatham town,16.2," 	1,931 "," 	2,136 "," 	2,457 "," 	3,273 "," 	4,554 "," 	6,071 "," 	6,579 ","6,627"," 	6,125 ",377.6,0.1%,"6,125",,"6,127","6,118","6,125","6,135","6,140"," 	6,137 "," 	6,148 "," 	6,167 "," 	6,160 ",
001,16775,2500116775,Dennis town,20.6," 	1,829 "," 	2,015 "," 	2,499 "," 	3,727 "," 	6,454 "," 	12,360 "," 	13,864 ","15,973"," 	14,207 ",689.8,0.2%,"14,221",14,"14,218","14,165","14,109","14,069","14,037"," 	13,997 "," 	13,964 "," 	13,922 "," 	13,885 ",
001,19295,2500119295,Eastham town,14.0, 	543 , 	582 , 	860 ," 	1,200 "," 	2,043 "," 	3,472 "," 	4,462 ","5,453"," 	4,956 ",354.2,0.1%,"4,956",,"4,956","4,941","4,927","4,923","4,919"," 	4,904 "," 	4,891 "," 	4,883 "," 	4,871 ",
001,23105,2500123105,Falmouth town,44.2," 	4,821 "," 	6,878 "," 	8,662 "," 	13,037 "," 	15,942 "," 	23,640 "," 	27,960 ","32,660"," 	31,531 ",712.7,0.5%,"31,534",3,"31,539","31,560","31,493","31,458","31,350"," 	31,258 "," 	31,135 "," 	31,112 "," 	31,019 ",
001,29020,2500129020,Harwich town,21.0," 	2,329 "," 	2,535 "," 	2,649 "," 	3,747 "," 	5,892 "," 	8,971 "," 	10,275 ","12,384"," 	12,243 ",581.8,0.2%,"12,223",-2,"12,232","12,210","12,175","12,166","12,167"," 	12,138 "," 	12,121 "," 	12,144 "," 	12,133 ",
001,39100,2500139100,Mashpee town,23.5, 	361 , 	434 , 	438 , 	867 ," 	1,288 "," 	3,700 "," 	7,884 ","12,946"," 	14,006 ",596.5,0.2%,"14,006",,"14,001","13,966","13,923","13,940","13,981"," 	14,047 "," 	14,104 "," 	14,193 "," 	14,180 ",
001,51440,2500151440,Orleans town,14.2," 	1,181 "," 	1,451 "," 	1,759 "," 	2,342 "," 	3,055 "," 	5,306 "," 	5,838 ","6,341"," 	5,890 ",415.5,0.1%,"5,890",,"5,894","5,877","5,861","5,850","5,849"," 	5,824 "," 	5,820 "," 	5,821 "," 	5,798 ",
001,55500,2500155500,Provincetown town,9.7," 	3,808 "," 	3,668 "," 	3,795 "," 	3,389 "," 	2,911 "," 	3,536 "," 	3,561 ","3,431"," 	2,942 ",304.5,0.0%,"2,942",,"2,947","2,938","2,941","2,942","2,944"," 	2,957 "," 	2,962 "," 	2,977 "," 	2,960 ",
001,59735,2500159735,Sandwich town,43.0," 	1,437 "," 	1,360 "," 	2,418 "," 	2,082 "," 	5,239 "," 	8,727 "," 	15,489 ","20,136"," 	20,675 ",480.4,0.3%,"20,676",1,"20,668","20,615","20,565","20,545","20,482"," 	20,383 "," 	20,317 "," 	20,305 "," 	20,226 ",
001,70605,2500170605,Truro town,21.1, 	513 , 	585 , 	661 ," 	1,002 "," 	1,234 "," 	1,486 "," 	1,573 ","2,085"," 	2,003 ",95.1,0.0%,"2,001",,"2,002","2,001","1,999","2,008","2,004"," 	1,997 "," 	2,002 "," 	2,003 "," 	1,999 ",
001,74385,2500174385,Wellfleet town,19.8, 	823 , 	890 ," 	1,123 "," 	1,404 "," 	1,743 "," 	2,209 "," 	2,493 ","2,749"," 	2,750 ",138.7,0.0%,"2,750",,"2,750","2,741","2,738","2,735","2,738"," 	2,733 "," 	2,735 "," 	2,736 "," 	2,729 ",
001,82525,2500182525,Yarmouth town,24.2," 	1,794 "," 	2,286 "," 	3,297 "," 	5,504 "," 	12,033 "," 	18,449 "," 	21,174 ","24,807"," 	23,793 ",981.2,0.4%,"23,797",4,"23,798","23,720","23,617","23,635","23,541"," 	23,435 "," 	23,368 "," 	23,336 "," 	23,315 ",
003,00555,2500300555,Adams town,22.9," 	12,697 "," 	12,608 "," 	12,034 "," 	12,391 "," 	11,772 "," 	10,381 "," 	9,445 ","8,809"," 	8,485 ",369.9,0.1%,"8,484",-1,"8,479","8,423","8,412","8,369","8,307"," 	8,235 "," 	8,161 "," 	8,104 "," 	8,077 ",
003,00975,2500300975,Alford town,11.6, 	200 , 	201 , 	212 , 	256 , 	302 , 	394 , 	418 ,399, 	494 ,42.7,0.0%,498,4,499,499,498,497,497, 	496 , 	493 , 	491 , 	491 ,
003,04545,2500304545,Becket town,46.3, 	672 , 	689 , 	755 , 	770 , 	929 ," 	1,339 "," 	1,481 ","1,755"," 	1,779 ",38.5,0.0%,"1,783",4,"1,778","1,777","1,777","1,771","1,765"," 	1,754 "," 	1,738 "," 	1,729 "," 	1,730 ",
003,13345,2500313345,Cheshire town,26.9," 	1,697 "," 	1,708 "," 	2,022 "," 	2,472 "," 	3,006 "," 	3,124 "," 	3,479 ","3,401"," 	3,235 ",120.1,0.0%,"3,235",,"3,234","3,223","3,222","3,208","3,193"," 	3,175 "," 	3,157 "," 	3,148 "," 	3,144 ",
003,14010,2500314010,Clarksburg town,12.8," 	1,296 "," 	1,317 "," 	1,630 "," 	1,741 "," 	1,987 "," 	1,871 "," 	1,745 ","1,686"," 	1,702 ",133.4,0.0%,"1,707",5,"1,706","1,697","1,697","1,690","1,682"," 	1,670 "," 	1,660 "," 	1,651 "," 	1,650 ",
003,16180,2500316180,Dalton town,21.8," 	4,220 "," 	4,206 "," 	4,772 "," 	6,436 "," 	7,505 "," 	6,797 "," 	7,155 ","6,892"," 	6,756 ",309.8,0.1%,"6,753",,"6,755","6,742","6,751","6,732","6,709"," 	6,673 "," 	6,635 "," 	6,590 "," 	6,569 ",
003,21360,2500321360,Egremont town,18.8, 	513 , 	463 , 	731 , 	895 ," 	1,138 "," 	1,311 "," 	1,229 ","1,345"," 	1,225 ",65.0,0.0%,"1,223",-2,"1,223","1,224","1,225","1,221","1,214"," 	1,208 "," 	1,204 "," 	1,205 "," 	1,208 ",
003,24120,2500324120,Florida town,24.4, 	307 , 	421 , 	479 , 	569 , 	672 , 	730 , 	742 ,676, 	752 ,30.9,0.0%,761,9,760,760,759,754,747, 	740 , 	734 , 	729 , 	724 ,
003,26815,2500326815,Great Barrington town,45.2," 	5,934 "," 	5,824 "," 	6,712 "," 	6,624 "," 	7,537 "," 	7,405 "," 	7,725 ","7,525"," 	7,104 ",157.2,0.1%,"7,106",2,"7,100","7,034","7,046","7,002","6,937"," 	6,906 "," 	6,900 "," 	6,854 "," 	6,852 ",
003,28180,2500328180,Hancock town,35.7, 	361 , 	332 , 	445 , 	455 , 	675 , 	643 , 	628 ,719, 	717 ,20.1,0.0%,719,2,721,721,718,714,713, 	707 , 	704 , 	701 , 	701 ,
003,30315,2500330315,Hinsdale town,20.8," 	1,144 "," 	1,235 "," 	1,560 "," 	1,414 "," 	1,588 "," 	1,707 "," 	1,959 ","1,872"," 	2,032 ",97.5,0.0%,"2,025",-7,"2,023","2,011","2,007","1,994","1,978"," 	1,961 "," 	1,944 "," 	1,929 "," 	1,922 ",
003,34340,2500334340,Lanesborough town,29.0," 	1,170 "," 	1,321 "," 	2,069 "," 	2,933 "," 	2,972 "," 	3,131 "," 	3,032 ","2,996"," 	3,091 ",106.4,0.0%,"3,090",-1,"3,087","3,068","3,065","3,046","3,026"," 	3,004 "," 	2,983 "," 	2,971 "," 	2,965 ",
003,34655,2500334655,Lee town,26.4," 	4,061 "," 	4,222 "," 	4,820 "," 	5,271 "," 	6,426 "," 	6,247 "," 	5,849 ","5,989"," 	5,943 ",225.1,0.1%,"5,948",5,"5,951","5,919","5,921","5,884","5,837"," 	5,805 "," 	5,765 "," 	5,726 "," 	5,715 ",
003,34970,2500334970,Lenox town,21.2," 	2,742 "," 	2,884 "," 	3,627 "," 	4,253 "," 	5,804 "," 	6,523 "," 	5,069 ","5,077"," 	5,025 ",236.8,0.1%,"5,072",47,"5,069","5,053","5,049","5,041","5,003"," 	4,984 "," 	4,968 "," 	4,957 "," 	4,964 ",
003,42460,2500342460,Monterey town,26.5, 	321 , 	320 , 	367 , 	480 , 	600 , 	818 , 	805 ,936, 	961 ,36.3,0.0%,954,-7,953,949,950,949,948, 	941 , 	934 , 	931 , 	929 ,
003,43300,2500343300,Mount Washington town,22.2, 	60 , 	57 , 	34 , 	34 , 	52 , 	93 , 	135 ,130, 	167 ,7.5,0.0%,167,,167,166,166,165,163, 	162 , 	161 , 	159 , 	158 ,
003,44385,2500344385,New Ashford town,13.5, 	75 , 	87 , 	118 , 	165 , 	183 , 	159 , 	192 ,247, 	228 ,16.8,0.0%,228,,228,226,226,225,223, 	223 , 	223 , 	223 , 	225 ,
003,45420,2500345420,New Marlborough town,47.2, 	864 , 	956 , ," 	1,083 "," 	1,031 "," 	1,160 "," 	1,240 ","1,494"," 	1,509 ",32.0,0.0%,"1,513",4,"1,512","1,507","1,506","1,503","1,497"," 	1,483 "," 	1,474 "," 	1,464 "," 	1,458 ",
003,46225,2500346225,North Adams city,20.4," 	21,621 "," 	22,213 "," 	21,567 "," 	19,905 "," 	19,195 "," 	18,063 "," 	16,797 ","14,681"," 	13,708 ",670.7,0.2%,"13,696",-12,"13,767","13,633","13,611","13,459","13,379"," 	13,185 "," 	13,068 "," 	12,946 "," 	12,904 ",
003,51580,2500351580,Otis town,35.8, 	367 , 	364 , 	359 , 	473 , 	820 , 	963 ," 	1,073 ","1,365"," 	1,612 ",45.0,0.0%,"1,612",,"1,611","1,603","1,602","1,595","1,585"," 	1,575 "," 	1,562 "," 	1,552 "," 	1,548 ",
003,53050,2500353050,Peru town,25.9, 	108 , 	142 , 	143 , 	197 , 	256 , 	633 , 	779 ,821, 	847 ,32.7,0.0%,847,,848,853,852,847,847, 	850 , 	842 , 	838 , 	837 ,
003,53960,2500353960,Pittsfield city,40.7," 	49,677 "," 	49,684 "," 	53,348 "," 	57,879 "," 	57,020 "," 	51,974 "," 	48,622 ","45,789"," 	44,737 ","1,098.4",0.7%,"44,741",4,"44,714","44,401","44,358","44,071","43,772"," 	43,357 "," 	42,977 "," 	42,680 "," 	42,533 ",
003,56795,2500356795,Richmond town,19.0, 	583 , 	624 , 	737 , 	890 ," 	1,461 "," 	1,659 "," 	1,677 ","1,604"," 	1,475 ",77.8,0.0%,"1,481",6,"1,480","1,471","1,467","1,458","1,449"," 	1,438 "," 	1,429 "," 	1,421 "," 	1,422 ",
003,59665,2500359665,Sandisfield town,52.3, 	412 , 	421 , 	437 , 	536 , 	547 , 	720 , 	667 ,824, 	915 ,17.5,0.0%,917,2,922,921,926,923,917, 	909 , 	901 , 	896 , 	895 ,
003,60225,2500360225,Savoy town,35.9, 	307 , 	300 , 	291 , 	277 , 	322 , 	644 , 	634 ,705, 	692 ,19.3,0.0%,692,,691,691,692,690,687, 	684 , 	680 , 	681 , 	683 ,
003,61065,2500361065,Sheffield town,48.1," 	1,650 "," 	1,709 "," 	2,150 "," 	2,138 "," 	2,374 "," 	2,743 "," 	2,910 ","3,335"," 	3,257 ",67.6,0.0%,"3,257",161,"3,256","3,242","3,238","3,222","3,211"," 	3,189 "," 	3,170 "," 	3,155 "," 	3,152 ",
003,67595,2500367595,Stockbridge town,22.9," 	1,762 "," 	1,815 "," 	2,311 "," 	2,161 "," 	2,312 "," 	2,328 "," 	2,408 ","2,276"," 	1,947 ",84.9,0.0%,"1,942",-5,"1,941","1,937","1,962","1,957","1,946"," 	1,930 "," 	1,913 "," 	1,905 "," 	1,903 ",
003,71095,2500371095,Tyringham town,18.7, 	246 , 	213 , 	235 , 	197 , 	234 , 	344 , 	369 ,346, 	327 ,17.5,0.0%,324,-3,324,322,322,323,323, 	320 , 	319 , 	316 , 	316 ,
003,73335,2500373335,Washington town,37.8, 	222 , 	267 , 	281 , 	290 , 	411 , 	587 , 	615 ,544, 	538 ,14.2,0.0%,542,4,542,538,541,542,543, 	542 , 	541 , 	541 , 	541 ,
003,77990,2500377990,West Stockbridge town,18.5," 	1,124 "," 	1,062 "," 	1,165 "," 	1,244 "," 	1,354 "," 	1,280 "," 	1,483 ","1,416"," 	1,306 ",70.7,0.0%,"1,299",-7,"1,298","1,291","1,289","1,284","1,277"," 	1,269 "," 	1,267 "," 	1,262 "," 	1,264 ",
003,79985,2500379985,Williamstown town,46.9," 	3,900 "," 	4,294 "," 	6,194 "," 	7,322 "," 	8,454 "," 	8,741 "," 	8,220 ","8,424"," 	7,754 ",165.4,0.1%,"7,760",6,"7,782","7,735","7,518","7,445","7,583"," 	7,605 "," 	7,728 "," 	7,856 "," 	7,993 ",
003,80685,2500380685,Windsor town,35.0, 	387 , 	314 , 	372 , 	384 , 	468 , 	598 , 	770 ,875, 	899 ,25.7,0.0%,899,,898,894,895,892,887, 	877 , 	871 , 	874 , 	875 ,
005,00520,2500500520,Acushnet town,18.5," 	4,092 "," 	4,145 "," 	4,401 "," 	5,755 "," 	7,767 "," 	8,704 "," 	9,554 ","10,161"," 	10,303 ",558.3,0.2%,"10,300",-3,"10,304","10,299","10,318","10,343","10,399"," 	10,447 "," 	10,473 "," 	10,507 "," 	10,580 ",
005,02690,2500502690,Attleboro city,27.5," 	21,769 "," 	22,071 "," 	23,809 "," 	27,118 "," 	32,907 "," 	34,196 "," 	38,383 ","42,068"," 	43,593 ","1,584.5",0.7%,"43,586",,"43,604","43,681","43,830","43,953","44,156"," 	44,317 "," 	44,413 "," 	44,744 "," 	45,117 ",
005,05280,2500505280,Berkley town,16.5," 	1,120 "," 	1,130 "," 	1,284 "," 	1,609 "," 	2,027 "," 	2,731 "," 	4,237 ","5,749"," 	6,411 ",387.6,0.1%,"6,408",-3,"6,418","6,451","6,486","6,507","6,574"," 	6,638 "," 	6,675 "," 	6,697 "," 	6,802 ",
005,16425,2500516425,Dartmouth town,61.6," 	8,778 "," 	9,011 "," 	11,115 "," 	14,607 "," 	18,800 "," 	23,966 "," 	27,244 ","30,666"," 	34,032 ",552.7,0.5%,"34,037",5,"34,369","34,285","34,429","34,255","34,452"," 	34,428 "," 	34,172 "," 	34,081 "," 	34,307 ",
005,16950,2500516950,Dighton town,22.4," 	3,147 "," 	2,983 "," 	2,950 "," 	3,769 "," 	4,667 "," 	5,352 "," 	5,631 ","6,175"," 	7,086 ",316.6,0.1%,"7,089",3,"7,091","7,094","7,154","7,225","7,330"," 	7,408 "," 	7,540 "," 	7,706 "," 	7,891 ",
005,20100,2500520100,Easton town,28.4," 	5,298 "," 	5,135 "," 	6,244 "," 	9,078 "," 	12,157 "," 	16,623 "," 	19,807 ","22,299"," 	23,112 ",812.7,0.4%,"23,110",-2,"23,338","23,256","23,634","23,442","23,617"," 	23,940 "," 	23,997 "," 	24,958 "," 	25,050 ",
005,22130,2500522130,Fairhaven town,12.4," 	10,951 "," 	10,938 "," 	12,764 "," 	14,339 "," 	16,332 "," 	15,759 "," 	16,132 ","16,159"," 	15,873 ","1,280.3",0.2%,"15,873",,"15,881","15,879","15,919","15,967","15,991"," 	16,021 "," 	16,020 "," 	16,032 "," 	16,094 ",
005,23000,2500523000,Fall River city,31.0," 	115,274 "," 	115,428 "," 	111,963 "," 	99,942 "," 	96,898 "," 	92,574 "," 	92,703 ","91,938"," 	88,857 ","2,864.3",1.4%,"88,857",,"88,874","88,812","88,842","88,993","89,153"," 	89,313 "," 	89,288 "," 	89,274 "," 	89,661 ",
005,25240,2500525240,Freetown town,36.6," 	1,656 "," 	1,584 "," 	2,104 "," 	3,039 "," 	4,270 "," 	7,058 "," 	8,522 ","8,472"," 	8,870 ",242.3,0.1%,"8,875",5,"8,887","8,900","8,946","9,037","9,106"," 	9,181 "," 	9,268 "," 	9,328 "," 	9,395 ",
005,38225,2500538225,Mansfield town,20.5," 	6,364 "," 	6,530 "," 	7,184 "," 	7,773 "," 	9,939 "," 	13,453 "," 	16,568 ","22,414"," 	23,184 ","1,133.0",0.4%,"23,183",-1,"23,194","23,198","23,368","23,488","23,560"," 	23,613 "," 	23,655 "," 	23,911 "," 	24,063 ",
005,45000,2500545000,New Bedford city,20.1," 	112,597 "," 	110,341 "," 	109,189 "," 	102,477 "," 	101,777 "," 	98,478 "," 	99,922 ","93,768"," 	95,072 ","4,724.8",1.5%,"95,068",-4,"95,056","94,886","94,997","95,073","95,132"," 	95,111 "," 	95,070 "," 	94,990 "," 	95,315 ",
005,46575,2500546575,North Attleborough town,18.6," 	10,197 "," 	10,359 "," 	12,146 "," 	14,777 "," 	18,665 "," 	21,095 "," 	25,038 ","27,143"," 	28,712 ","1,540.1",0.4%,"28,698",-13,"28,711","28,701","28,762","28,827","28,988"," 	29,042 "," 	29,063 "," 	29,100 "," 	29,349 ",
005,49970,2500549970,Norton town,28.7," 	2,737 "," 	3,107 "," 	4,401 "," 	6,818 "," 	9,487 "," 	12,690 "," 	14,265 ","18,036"," 	19,031 ",663.0,0.3%,"19,031",,"19,157","19,223","19,300","19,344","19,347"," 	19,338 "," 	19,611 "," 	19,864 "," 	19,948 ",
005,56060,2500556060,Raynham town,20.5," 	2,136 "," 	2,141 "," 	2,426 "," 	4,150 "," 	6,705 "," 	9,085 "," 	9,867 ","11,739"," 	13,383 ",652.9,0.2%,"13,377",-6,"13,385","13,429","13,484","13,558","13,703"," 	13,828 "," 	13,990 "," 	14,183 "," 	14,313 ",
005,56375,2500556375,Rehoboth town,46.5," 	2,610 "," 	2,736 "," 	3,700 "," 	4,953 "," 	6,512 "," 	7,570 "," 	8,656 ","10,172"," 	11,608 ",249.7,0.2%,"11,604",-4,"11,622","11,659","11,721","11,817","11,921"," 	11,984 "," 	12,036 "," 	12,165 "," 	12,265 ",
005,60645,2500560645,Seekonk town,18.3," 	4,762 "," 	4,912 "," 	6,104 "," 	8,399 "," 	11,116 "," 	12,269 "," 	13,046 ","13,425"," 	13,722 ",749.2,0.2%,"13,722",,"13,747","13,855","13,975","14,357","14,688"," 	14,946 "," 	15,217 "," 	15,521 "," 	15,702 ",
005,62430,2500562430,Somerset town,8.1," 	5,398 "," 	5,873 "," 	8,566 "," 	12,196 "," 	18,088 "," 	18,813 "," 	17,655 ","18,234"," 	18,165 ","2,240.1",0.3%,"18,165",,"18,214","18,250","18,293","18,319","18,311"," 	18,261 "," 	18,171 "," 	18,139 "," 	18,181 ",
005,68750,2500568750,Swansea town,23.1," 	3,941 "," 	4,684 "," 	6,121 "," 	9,916 "," 	12,640 "," 	15,461 "," 	15,411 ","15,901"," 	15,865 ",687.9,0.2%,"15,866",1,"15,880","15,934","16,009","16,085","16,299"," 	16,374 "," 	16,381 "," 	16,513 "," 	16,705 ",
005,69170,2500569170,Taunton city,46.6," 	37,355 "," 	37,395 "," 	40,109 "," 	41,132 "," 	43,756 "," 	45,001 "," 	49,832 ","55,976"," 	55,874 ","1,198.9",0.9%,"55,874",,"55,899","55,921","56,042","56,164","56,718"," 	56,879 "," 	56,958 "," 	56,970 "," 	57,296 ",
005,77570,2500577570,Westport town,50.0," 	4,408 "," 	4,134 "," 	4,989 "," 	6,641 "," 	9,791 "," 	13,763 "," 	13,852 ","14,183"," 	15,532 ",310.3,0.2%,"15,531",-1,"15,546","15,579","15,642","15,700","15,761"," 	15,809 "," 	15,850 "," 	15,888 "," 	15,988 ",
007,01585,2500701585,Aquinnah town,5.4, 	161 , 	127 , 	88 , 	103 , 	118 , 	220 , 	201 ,344, 	311 ,58.0,0.0%,311,,312,316,318,327,329, 	329 , 	328 , 	327 , 	327 ,
007,13800,2500713800,Chilmark town,19.1, 	252 , 	226 , 	183 , 	238 , 	340 , 	489 , 	650 ,843, 	866 ,45.2,0.0%,864,-2,867,875,884,906,913, 	915 , 	915 , 	916 , 	917 ,
007,21150,2500721150,Edgartown town,27.0," 	1,276 "," 	1,370 "," 	1,508 "," 	1,474 "," 	1,481 "," 	2,204 "," 	3,062 ","3,779"," 	4,067 ",150.7,0.1%,"4,067",,"4,078","4,120","4,164","4,246","4,288"," 	4,274 "," 	4,314 "," 	4,320 "," 	4,343 ",
007,26325,2500726325,Gosnold town,13.3, 	120 , 	136 , 	56 , 	66 , 	83 , 	63 , 	98 ,86, 	75 ,5.6,0.0%,75,,75,75,76,77,77, 	76 , 	77 , 	76 , 	75 ,
007,50390,2500750390,Oak Bluffs town,7.4," 	1,333 "," 	1,584 "," 	1,521 "," 	1,419 "," 	1,385 "," 	1,984 "," 	2,804 ","3,713"," 	4,527 ",614.6,0.1%,"4,524",-3,"4,532","4,553","4,581","4,657","4,687"," 	4,677 "," 	4,681 "," 	4,678 "," 	4,678 ",
007,69940,2500769940,Tisbury town,6.6," 	1,541 "," 	1,966 "," 	1,930 "," 	2,169 "," 	2,257 "," 	2,972 "," 	3,120 ","3,755"," 	3,949 ",602.0,0.1%,"3,952",3,"3,960","3,989","4,015","4,091","4,118"," 	4,110 "," 	4,105 "," 	4,107 "," 	4,111 ",
007,78235,2500778235,West Tisbury town,25.0, 	270 , 	260 , 	347 , 	360 , 	453 ," 	1,010 "," 	1,704 ","2,467"," 	2,740 ",109.5,0.0%,"2,742",2,"2,748","2,767","2,791","2,858","2,887"," 	2,894 "," 	2,896 "," 	2,897 "," 	2,901 ",
009,01260,2500901260,Amesbury Town city,12.4," 	11,899 "," 	10,862 "," 	10,851 "," 	10,787 "," 	11,388 "," 	13,971 "," 	14,997 ","16,452"," 	16,283 ","1,312.8",0.2%,"16,286",-13,"16,324","16,429","16,536","16,741","17,229"," 	17,292 "," 	17,337 "," 	17,474 "," 	17,569 ",
009,01465,2500901465,Andover town,31.0," 	9,969 "," 	11,122 "," 	12,437 "," 	15,878 "," 	23,695 "," 	26,370 "," 	29,151 ","31,974"," 	33,201 ","1,070.8",0.5%,"33,071",-13,"33,158","33,750","34,075","34,666","35,026"," 	35,305 "," 	35,475 "," 	35,803 "," 	36,403 ",
009,05595,2500905595,Beverly city,16.6," 	25,086 "," 	25,537 "," 	28,884 "," 	36,108 "," 	38,348 "," 	37,655 "," 	38,195 ","39,862"," 	39,502 ","2,379.7",0.6%,"39,504",2,"39,730","40,092","40,393","40,851","41,231"," 	41,519 "," 	41,649 "," 	41,961 "," 	42,312 ",
009,07420,2500907420,Boxford town,24.0, 	652 , 	778 , 	926 ," 	2,010 "," 	4,032 "," 	5,374 "," 	6,266 ","7,921"," 	7,965 ",332.2,0.1%,"7,964",-1,"7,981","8,033","8,080","8,141","8,189"," 	8,227 "," 	8,247 "," 	8,305 "," 	8,367 ",
009,16250,2500916250,Danvers town,13.3," 	12,957 "," 	14,179 "," 	15,720 "," 	21,926 "," 	26,151 "," 	24,100 "," 	24,174 ","24,996"," 	26,493 ","1,994.9",0.4%,"26,500",7,"26,545","26,903","27,117","27,226","27,688"," 	27,751 "," 	27,437 "," 	27,555 "," 	27,727 ",
009,21850,2500921850,Essex town,14.2," 	1,465 "," 	1,384 "," 	1,794 "," 	2,238 "," 	2,670 "," 	2,998 "," 	3,260 ","3,267"," 	3,504 ",247.5,0.1%,"3,504",,"3,514","3,564","3,589","3,620","3,648"," 	3,675 "," 	3,716 "," 	3,749 "," 	3,789 ",
009,25625,2500925625,Georgetown town,12.9," 	1,853 "," 	1,803 "," 	2,411 "," 	3,755 "," 	5,290 "," 	5,687 "," 	6,384 ","7,377"," 	8,183 ",632.6,0.1%,"8,193",1,"8,221","8,312","8,395","8,484","8,533"," 	8,593 "," 	8,640 "," 	8,701 "," 	8,773 ",
009,26150,2500926150,Gloucester city,26.0," 	24,204 "," 	24,046 "," 	25,167 "," 	25,789 "," 	27,941 "," 	27,768 "," 	28,716 ","30,273"," 	28,789 ","1,108.8",0.4%,"28,789",,"28,872","29,056","29,275","29,527","29,742"," 	29,907 "," 	29,999 "," 	30,184 "," 	30,401 ",
009,27620,2500927620,Groveland town,8.9," 	2,336 "," 	2,122 "," 	2,340 "," 	3,297 "," 	5,400 "," 	5,040 "," 	5,214 ","6,038"," 	6,459 ",722.3,0.1%,"6,453",-6,"6,470","6,512","6,561","6,609","6,652"," 	6,701 "," 	6,732 "," 	6,785 "," 	6,850 ",
009,27900,2500927900,Hamilton town,14.6," 	2,044 "," 	2,037 "," 	2,764 "," 	5,488 "," 	6,373 "," 	6,960 "," 	7,280 ","8,315"," 	7,764 ",531.9,0.1%,"7,764",,"7,783","7,837","7,873","7,937","7,972"," 	7,996 "," 	8,021 "," 	8,054 "," 	8,098 ",
009,29405,2500929405,Haverhill city,33.3," 	48,710 "," 	46,752 "," 	47,280 "," 	46,346 "," 	46,120 "," 	46,865 "," 	51,418 ","58,969"," 	60,879 ","1,826.7",0.9%,"60,878",,"61,000","61,503","61,865","62,283","62,620"," 	62,881 "," 	63,236 "," 	63,669 "," 	64,041 ",
009,32310,2500932310,Ipswich town,32.6," 	5,599 "," 	6,348 "," 	6,895 "," 	8,544 "," 	10,750 "," 	11,158 "," 	11,873 ","12,987"," 	13,175 ",404.3,0.2%,"13,176",,"13,219","13,456","13,550","13,645","13,714"," 	13,813 "," 	13,868 "," 	14,000 "," 	14,092 ",
009,34550,2500934550,Lawrence city,7.0," 	85,068 "," 	84,323 "," 	80,536 "," 	70,933 "," 	66,915 "," 	63,175 "," 	70,207 ","72,043"," 	76,377 ","10,974.1",1.2%,"76,348",14,"76,558","77,263","77,922","78,401","79,208"," 	79,732 "," 	79,870 "," 	80,062 "," 	80,376 ",
009,37490,2500937490,Lynn city,10.8," 	102,320 "," 	98,123 "," 	99,738 "," 	94,478 "," 	90,294 "," 	78,471 "," 	81,245 ","89,050"," 	90,329 ","8,351.9",1.4%,"90,333",,"90,543","90,716","91,452","92,048","92,599"," 	93,247 "," 	93,406 "," 	94,095 "," 	94,654 ",
009,37560,2500937560,Lynnfield town,10.1," 	1,594 "," 	2,287 "," 	3,927 "," 	8,398 "," 	10,826 "," 	11,267 "," 	11,274 ","11,542"," 	11,596 ","1,143.0",0.2%,"11,593",3,"11,621","11,726","11,821","12,409","12,667"," 	12,765 "," 	12,839 "," 	12,944 "," 	13,041 ",
009,37995,2500937995,Manchester-by-the-Sea town,9.3," 	2,636 "," 	2,472 "," 	2,868 "," 	3,932 "," 	5,151 "," 	5,424 "," 	5,286 ","5,228"," 	5,136 ",552.8,0.1%,"5,136",-2,"5,147","5,196","5,231","5,274","5,312"," 	5,337 "," 	5,357 "," 	5,395 "," 	5,429 ",
009,38400,2500938400,Marblehead town,4.5," 	8,668 "," 	10,856 "," 	13,765 "," 	18,521 "," 	21,295 "," 	20,126 "," 	19,971 ","20,377"," 	19,808 ","4,373.3",0.3%,"19,808",,"19,854","19,980","20,119","20,256","20,364"," 	20,428 "," 	20,467 "," 	20,559 "," 	20,634 ",
009,40430,2500940430,Merrimac town,8.5," 	2,392 "," 	2,320 "," 	2,804 "," 	3,261 "," 	4,245 "," 	4,451 "," 	5,166 ","6,138"," 	6,338 ",743.1,0.1%,"6,338",,"6,369","6,418","6,480","6,590","6,688"," 	6,766 "," 	6,835 "," 	6,915 "," 	6,975 ",
009,40710,2500940710,Methuen Town city,22.4," 	21,069 "," 	21,880 "," 	24,477 "," 	28,114 "," 	35,456 "," 	36,701 "," 	39,990 ","43,789"," 	47,255 ","2,109.4",0.7%,"47,320",,"47,438","47,789","48,123","48,706","49,388"," 	49,802 "," 	49,972 "," 	50,334 "," 	50,698 ",
009,41095,2500941095,Middleton town,14.0," 	1,712 "," 	2,348 "," 	2,916 "," 	3,718 "," 	4,044 "," 	4,135 "," 	4,921 ","7,744"," 	8,987 ",643.4,0.1%,"8,987",1,"8,986","9,123","9,263","9,445","9,636"," 	9,588 "," 	9,749 "," 	9,850 "," 	10,050 ",
009,43580,2500943580,Nahant town,1.2," 	1,654 "," 	1,835 "," 	2,679 "," 	3,960 "," 	4,119 "," 	3,947 "," 	3,828 ","3,632"," 	3,410 ","2,740.3",0.1%,"3,410",,"3,417","3,432","3,446","3,474","3,483"," 	3,496 "," 	3,493 "," 	3,506 "," 	3,524 ",
009,45175,2500945175,Newbury town,24.2," 	1,530 "," 	1,599 "," 	1,994 "," 	2,519 "," 	3,804 "," 	4,529 "," 	5,623 ","6,717"," 	6,666 ",274.9,0.1%,"6,669",3,"6,687","6,738","6,786","6,860","6,923"," 	6,972 "," 	7,020 "," 	7,085 "," 	7,144 ",
009,45245,2500945245,Newburyport city,8.4," 	15,084 "," 	13,916 "," 	14,111 "," 	14,004 "," 	15,807 "," 	15,900 "," 	16,317 ","17,189"," 	17,416 ","2,077.4",0.3%,"17,412",-4,"17,442","17,521","17,581","17,718","17,853"," 	17,878 "," 	17,939 "," 	18,078 "," 	18,202 ",
009,46365,2500946365,North Andover town,26.7," 	6,961 "," 	7,524 "," 	8,485 "," 	10,908 "," 	16,284 "," 	20,129 "," 	22,792 ","26,475"," 	28,352 ","1,063.8",0.4%,"28,358",6,"28,447","28,790","29,057","29,307","29,703"," 	30,025 "," 	30,840 "," 	31,021 "," 	31,296 ",
009,52490,2500952490,Peabody city,16.4," 	21,345 "," 	21,711 "," 	22,645 "," 	32,202 "," 	48,080 "," 	45,976 "," 	47,039 ","48,129"," 	51,251 ","3,125.9",0.8%,"51,266",15,"51,403","51,633","51,913","52,243","52,489"," 	52,661 "," 	52,809 "," 	53,008 "," 	53,278 ",
009,57880,2500957880,Rockport town,7.1," 	3,630 "," 	3,556 "," 	4,231 "," 	4,616 "," 	5,636 "," 	6,345 "," 	7,482 ","7,767"," 	6,952 ",983.6,0.1%,"6,952",,"6,970","7,011","7,059","7,106","7,150"," 	7,172 "," 	7,210 "," 	7,248 "," 	7,295 ",
009,58405,2500958405,Rowley town,18.7," 	1,356 "," 	1,533 "," 	1,768 "," 	2,783 "," 	3,040 "," 	3,867 "," 	4,452 ","5,500"," 	5,856 ",312.8,0.1%,"5,853",-3,"5,871","5,911","5,971","6,034","6,198"," 	6,293 "," 	6,300 "," 	6,318 "," 	6,358 ",
009,59105,2500959105,Salem city,8.1," 	43,353 "," 	41,213 "," 	41,880 "," 	39,211 "," 	40,556 "," 	38,220 "," 	38,091 ","40,407"," 	41,340 ","5,101.1",0.6%,"41,314",-26,"41,827","41,993","42,320","42,676","42,998"," 	43,255 "," 	43,254 "," 	43,411 "," 	43,559 ",
009,59245,2500959245,Salisbury town,15.4," 	2,194 "," 	2,376 "," 	2,695 "," 	3,154 "," 	4,179 "," 	5,973 "," 	6,882 ","7,827"," 	8,283 ",536.7,0.1%,"8,290",7,"8,309","8,389","8,461","8,544","8,668"," 	9,209 "," 	9,281 "," 	9,395 "," 	9,489 ",
009,60015,2500960015,Saugus town,11.0," 	14,700 "," 	14,825 "," 	17,162 "," 	20,666 "," 	25,110 "," 	24,746 "," 	25,549 ","26,078"," 	26,628 ","2,423.8",0.4%,"26,637",9,"26,730","27,047","27,387","27,826","27,976"," 	28,080 "," 	28,125 "," 	28,265 "," 	28,385 ",
009,68645,2500968645,Swampscott town,3.0," 	10,346 "," 	10,761 "," 	11,580 "," 	13,294 "," 	13,578 "," 	13,837 "," 	13,650 ","14,412"," 	13,787 ","4,520.9",0.2%,"13,780",14,"13,807","13,874","13,949","14,025","14,085"," 	14,564 "," 	14,898 "," 	14,976 "," 	15,227 ",
009,70150,2500970150,Topsfield town,12.7, 	986 ," 	1,150 "," 	1,412 "," 	3,351 "," 	5,225 "," 	5,709 "," 	5,754 ","6,141"," 	6,085 ",477.7,0.1%,"6,086",1,"6,100","6,185","6,291","6,397","6,505"," 	6,531 "," 	6,541 "," 	6,568 "," 	6,627 ",
009,74595,2500974595,Wenham town,7.7," 	1,119 "," 	1,220 "," 	1,644 "," 	2,798 "," 	3,849 "," 	3,897 "," 	4,212 ","4,656"," 	4,875 ",631.6,0.1%,"4,875",,"4,885","4,973","5,042","5,140","5,153"," 	5,176 "," 	5,203 "," 	5,250 "," 	5,284 ",
009,77150,2500977150,West Newbury town,13.5," 	1,549 "," 	1,515 "," 	1,598 "," 	1,844 "," 	2,254 "," 	2,861 "," 	3,421 ","4,149"," 	4,235 ",313.3,0.1%,"4,234",-1,"4,251","4,306","4,367","4,431","4,488"," 	4,538 "," 	4,602 "," 	4,637 "," 	4,691 ",
011,02095,2501102095,Ashfield town,40.3, 	860 , 	872 , 	977 ," 	1,131 "," 	1,274 "," 	1,458 "," 	1,715 ","1,800"," 	1,737 ",43.1,0.0%,"1,737",,"1,734","1,738","1,737","1,733","1,733"," 	1,730 "," 	1,726 "," 	1,733 "," 	1,734 ",
011,05560,2501105560,Bernardston town,23.4, 	893 , 	954 ," 	1,117 "," 	1,370 "," 	1,659 "," 	1,750 "," 	2,048 ","2,155"," 	2,129 ",90.9,0.0%,"2,122",-7,"2,123","2,134","2,133","2,126","2,121"," 	2,114 "," 	2,107 "," 	2,107 "," 	2,114 ",
011,09595,2501109595,Buckland town,19.6," 	1,497 "," 	1,527 "," 	1,605 "," 	1,664 "," 	1,892 "," 	1,864 "," 	1,928 ","1,991"," 	1,902 ",97.2,0.0%,"1,897",-5,"1,896","1,904","1,903","1,897","1,888"," 	1,883 "," 	1,872 "," 	1,875 "," 	1,875 ",
011,12505,2501112505,Charlemont town,26.1, 	816 , 	789 , 	855 , 	897 , 	897 ," 	1,149 "," 	1,249 ","1,358"," 	1,266 ",48.5,0.0%,"1,266",,"1,265","1,268","1,266","1,260","1,251"," 	1,243 "," 	1,241 "," 	1,242 "," 	1,245 ",
011,14885,2501114885,Colrain town,43.4," 	1,391 "," 	1,497 "," 	1,546 "," 	1,426 "," 	1,420 "," 	1,552 "," 	1,757 ","1,813"," 	1,671 ",38.5,0.0%,"1,669",,"1,670","1,678","1,675","1,666","1,664"," 	1,658 "," 	1,655 "," 	1,666 "," 	1,677 ",
011,15200,2501115200,Conway town,37.7, 	900 , 	944 , 	873 , 	875 , 	998 ," 	1,213 "," 	1,529 ","1,809"," 	1,897 ",50.3,0.0%,"1,900",3,"1,902","1,912","1,909","1,903","1,894"," 	1,889 "," 	1,883 "," 	1,884 "," 	1,892 ",
011,16670,2501116670,Deerfield town,32.3," 	2,882 "," 	2,684 "," 	3,086 "," 	3,338 "," 	3,873 "," 	4,517 "," 	5,018 ","4,750"," 	5,125 ",158.7,0.1%,"5,119",-6,"5,123","5,118","5,116","5,092","5,072"," 	5,040 "," 	5,027 "," 	5,031 "," 	5,042 ",
011,21780,2501121780,Erving town,13.9," 	1,263 "," 	1,328 "," 	1,322 "," 	1,272 "," 	1,260 "," 	1,326 "," 	1,372 ","1,467"," 	1,800 ",129.7,0.0%,"1,800",,"1,799","1,803","1,802","1,797","1,788"," 	1,777 "," 	1,771 "," 	1,770 "," 	1,774 ",
011,25730,2501125730,Gill town,14.0, 	983 , 	931 ," 	1,070 "," 	1,203 "," 	1,100 "," 	1,259 "," 	1,583 ","1,363"," 	1,500 ",107.3,0.0%,"1,478",-22,"1,483","1,479","1,481","1,473","1,476"," 	1,473 "," 	1,477 "," 	1,480 "," 	1,489 ",
011,27100,2501127100,Greenfield Town city,21.7," 	15,500 "," 	15,672 "," 	17,349 "," 	17,690 "," 	18,116 "," 	18,436 "," 	18,666 ","18,168"," 	17,456 ",803.4,0.3%,"17,452",-4,"17,433","17,603","17,631","17,486","17,604"," 	17,441 "," 	17,448 "," 	17,424 "," 	17,460 ",
011,29475,2501129475,Hawley town,30.9, 	313 , 	257 , 	244 , 	251 , 	224 , 	280 , 	317 ,336, 	337 ,10.9,0.0%,337,,339,336,339,338,336, 	338 , 	337 , 	337 , 	336 ,
011,29650,2501129650,Heath town,24.9, 	331 , 	359 , 	305 , 	304 , 	383 , 	482 , 	716 ,805, 	706 ,28.4,0.0%,706,,706,709,711,708,704, 	700 , 	697 , 	701 , 	702 ,
011,35180,2501135180,Leverett town,22.8, 	677 , 	688 , 	791 , 	914 ," 	1,005 "," 	1,471 "," 	1,785 ","1,698"," 	1,851 ",81.0,0.0%,"1,843",-8,"1,845","1,855","1,856","1,855","1,854"," 	1,849 "," 	1,843 "," 	1,845 "," 	1,861 ",
011,35285,2501135285,Leyden town,18.0, 	261 , 	260 , 	306 , 	343 , 	376 , 	498 , 	662 ,772, 	711 ,39.5,0.0%,718,7,720,726,729,728,729, 	727 , 	723 , 	723 , 	724 ,
011,42040,2501142040,Monroe town,10.7, 	218 , 	207 , 	174 , 	210 , 	216 , 	179 , 	115 ,93, 	121 ,11.3,0.0%,116,3,116,116,116,116,115, 	114 , 	114 , 	112 , 	112 ,
011,42285,2501142285,Montague town,30.4," 	8,081 "," 	7,582 "," 	7,812 "," 	7,836 "," 	8,451 "," 	8,011 "," 	8,316 ","8,468"," 	8,437 ",277.5,0.1%,"8,466",29,"8,462","8,479","8,470","8,437","8,391"," 	8,349 "," 	8,299 "," 	8,297 "," 	8,316 ",
011,45490,2501145490,New Salem town,45.0, 	414 , 	357 , 	392 , 	397 , 	474 , 	688 , 	802 ,929, 	990 ,22.0,0.0%,992,2,994,998,"1,005","1,005","1,004"," 	1,007 "," 	1,010 "," 	1,019 "," 	1,020 ",
011,47835,2501147835,Northfield town,34.4," 	1,888 "," 	1,975 "," 	2,246 "," 	2,320 "," 	2,631 "," 	2,386 "," 	2,838 ","2,951"," 	3,032 ",88.1,0.0%,"3,026",-6,"3,025","3,033","3,032","3,024","3,014"," 	3,002 "," 	2,986 "," 	2,987 "," 	2,992 ",
011,51265,2501151265,Orange town,35.4," 	5,365 "," 	5,611 "," 	5,894 "," 	6,154 "," 	6,104 "," 	6,844 "," 	7,312 ","7,518"," 	7,839 ",221.7,0.1%,"7,839",,"7,837","7,846","7,826","7,787","7,746"," 	7,700 "," 	7,664 "," 	7,663 "," 	7,664 ",
011,58335,2501158335,Rowe town,23.5, 	298 , 	233 , 	199 , 	231 , 	277 , 	336 , 	378 ,351, 	393 ,16.7,0.0%,398,5,398,400,402,400,396, 	394 , 	394 , 	394 , 	394 ,
011,61135,2501161135,Shelburne town,23.3," 	1,544 "," 	1,636 "," 	1,756 "," 	1,739 "," 	1,836 "," 	2,002 "," 	2,012 ","2,058"," 	1,893 ",81.4,0.0%,"1,900",7,"1,900","1,902","1,884","1,877","1,870"," 	1,863 "," 	1,857 "," 	1,858 "," 	1,861 ",
011,61905,2501161905,Shutesbury town,26.6, 	222 , 	191 , 	213 , 	265 , 	489 ," 	1,049 "," 	1,561 ","1,806"," 	1,771 ",66.5,0.0%,"1,776",5,"1,775","1,787","1,784","1,780","1,776"," 	1,765 "," 	1,759 "," 	1,762 "," 	1,774 ",
011,68400,2501168400,Sunderland town,14.4," 	1,159 "," 	1,085 ", 	905 ," 	1,279 "," 	2,236 "," 	2,929 "," 	3,399 ","3,777"," 	3,684 ",256.1,0.1%,"3,684",,"3,684","3,696","3,701","3,695","3,686"," 	3,659 "," 	3,642 "," 	3,650 "," 	3,659 ",
011,73265,2501173265,Warwick town,37.3, 	367 , 	444 , 	429 , 	426 , 	492 , 	603 , 	740 ,750, 	780 ,20.9,0.0%,780,,780,785,784,784,780, 	776 , 	775 , 	777 , 	780 ,
011,74525,2501174525,Wendell town,32.0, 	353 , 	391 , 	342 , 	292 , 	405 , 	694 , 	899 ,986, 	848 ,26.5,0.0%,846,-2,848,859,865,867,871, 	873 , 	877 , 	883 , 	886 ,
011,79110,2501179110,Whately town,20.2," 	1,136 ", 	979 , 	939 ," 	1,037 "," 	1,145 "," 	1,341 "," 	1,375 ","1,563"," 	1,496 ",74.1,0.0%,"1,510",14,"1,509","1,515","1,521","1,521","1,532"," 	1,538 "," 	1,544 "," 	1,567 "," 	1,580 ",
013,00840,2501300840,Agawam Town city,23.2," 	7,095 "," 	7,842 "," 	10,166 "," 	15,718 "," 	21,717 "," 	26,271 "," 	27,323 ","28,143"," 	28,438 ","1,223.6",0.4%,"28,438",,"28,451","28,584","28,632","28,707","28,712"," 	28,746 "," 	28,693 "," 	28,696 "," 	28,854 ",
013,06085,2501306085,Blandford town,51.7, 	545 , 	479 , 	597 , 	636 , 	863 ," 	1,038 "," 	1,187 ","1,214"," 	1,233 ",23.8,0.0%,"1,227",-6,"1,227","1,235","1,237","1,243","1,249"," 	1,249 "," 	1,247 "," 	1,250 "," 	1,260 ",
013,08470,2501308470,Brimfield town,34.7, 	884 ," 	1,012 "," 	1,182 "," 	1,414 "," 	1,907 "," 	2,318 "," 	3,001 ","3,339"," 	3,609 ",104.0,0.1%,"3,611",2,"3,619","3,623","3,660","3,707","3,714"," 	3,719 "," 	3,727 "," 	3,737 "," 	3,772 ",
013,13485,2501313485,Chester town,36.7," 	1,464 "," 	1,284 "," 	1,292 "," 	1,155 "," 	1,025 "," 	1,123 "," 	1,280 ","1,308"," 	1,337 ",36.4,0.0%,"1,339",2,"1,341","1,351","1,358","1,364","1,371"," 	1,376 "," 	1,381 "," 	1,381 "," 	1,384 ",
013,13660,2501313660,Chicopee city,22.9," 	43,930 "," 	41,664 "," 	49,211 "," 	61,553 "," 	66,676 "," 	55,112 "," 	56,632 ","54,653"," 	55,298 ","2,417.9",0.8%,"55,305",7,"55,305","55,583","55,795","55,882","56,233"," 	55,789 "," 	55,342 "," 	55,363 "," 	55,582 ",
013,19645,2501319645,East Longmeadow town,13.0," 	3,327 "," 	3,403 "," 	4,881 "," 	10,294 "," 	13,029 "," 	12,905 "," 	13,367 ","14,100"," 	15,720 ","1,212.0",0.2%,"15,736",16,"15,762","15,860","15,941","16,018","16,126"," 	16,161 "," 	16,196 "," 	16,239 "," 	16,296 ",
013,26675,2501326675,Granville town,42.2, 	674 , 	668 , 	740 , 	874 ," 	1,008 "," 	1,204 "," 	1,403 ","1,523"," 	1,566 ",37.1,0.0%,"1,566",,"1,571","1,592","1,607","1,612","1,618"," 	1,614 "," 	1,615 "," 	1,619 "," 	1,624 ",
013,28075,2501328075,Hampden town,19.6, 	684 ," 	1,023 "," 	1,322 "," 	2,345 "," 	4,572 "," 	4,745 "," 	4,709 ","5,171"," 	5,139 ",261.7,0.1%,"5,137",-2,"5,141","5,155","5,161","5,167","5,188"," 	5,198 "," 	5,183 "," 	5,178 "," 	5,220 ",
013,30665,2501330665,Holland town,12.4, 	137 , 	247 , 	377 , 	561 , 	931 ," 	1,589 "," 	2,185 ","2,407"," 	2,481 ",200.2,0.0%,"2,478",-3,"2,481","2,484","2,487","2,491","2,495"," 	2,494 "," 	2,489 "," 	2,486 "," 	2,497 ",
013,30840,2501330840,Holyoke city,21.3," 	56,537 "," 	53,750 "," 	54,661 "," 	52,689 "," 	50,112 "," 	44,678 "," 	43,704 ","39,838"," 	39,880 ","1,873.4",0.6%,"39,881",1,"39,917","40,124","40,192","40,105","40,673"," 	40,339 "," 	40,266 "," 	40,220 "," 	40,358 ",
013,36300,2501336300,Longmeadow town,9.0," 	4,437 "," 	5,790 "," 	6,508 "," 	10,565 "," 	15,630 "," 	16,301 "," 	15,467 ","15,633"," 	15,784 ","1,749.3",0.2%,"15,783",-1,"15,810","15,857","15,868","15,874","15,878"," 	15,873 "," 	15,827 "," 	15,763 "," 	15,827 ",
013,37175,2501337175,Ludlow town,27.1," 	8,876 "," 	8,181 "," 	8,660 "," 	13,805 "," 	17,580 "," 	18,150 "," 	18,820 ","21,209"," 	21,103 ",777.3,0.3%,"21,099",-4,"21,136","21,229","21,226","21,205","21,254"," 	21,244 "," 	21,356 "," 	21,336 "," 	21,478 ",
013,42145,2501342145,Monson town,44.3," 	4,918 "," 	5,597 "," 	6,125 "," 	6,712 "," 	7,355 "," 	7,315 "," 	7,776 ","8,359"," 	8,560 ",193.3,0.1%,"8,563",3,"8,570","8,602","8,696","8,747","8,773"," 	8,791 "," 	8,800 "," 	8,808 "," 	8,865 ",
013,42530,2501342530,Montgomery town,15.1, 	141 , 	178 , 	157 , 	333 , 	446 , 	637 , 	759 ,654, 	838 ,55.7,0.0%,843,5,846,858,863,867,867, 	866 , 	864 , 	866 , 	870 ,
013,52144,2501352144,Palmer Town city,31.5," 	9,577 "," 	9,149 "," 	9,533 "," 	10,358 "," 	11,680 "," 	11,389 "," 	12,054 ","12,497"," 	12,140 ",385.0,0.2%,"12,138",-2,"12,141","12,171","12,186","12,205","12,223"," 	12,214 "," 	12,247 "," 	12,250 "," 	12,309 ",
013,58650,2501358650,Russell town,17.6," 	1,237 "," 	1,242 "," 	1,298 "," 	1,366 "," 	1,382 "," 	1,570 "," 	1,594 ","1,657"," 	1,775 ",101.1,0.0%,"1,779",4,"1,782","1,794","1,795","1,797","1,796"," 	1,794 "," 	1,790 "," 	1,792 "," 	1,802 ",
013,65825,2501365825,Southwick town,31.0," 	1,461 "," 	1,579 "," 	2,855 "," 	5,139 "," 	6,330 "," 	7,382 "," 	7,667 ","8,835"," 	9,502 ",307.0,0.1%,"9,498",,"9,506","9,549","9,578","9,618","9,677"," 	9,698 "," 	9,705 "," 	9,727 "," 	9,793 ",
013,67000,2501367000,Springfield city,32.1," 	149,900 "," 	149,554 "," 	162,399 "," 	174,463 "," 	163,905 "," 	152,319 "," 	156,983 ","152,080"," 	153,060 ","4,768.1",2.3%,"153,173",113,"153,613","153,882","154,056","154,186","154,513"," 	154,740 "," 	154,278 "," 	154,498 "," 	155,032 ",
013,70045,2501370045,Tolland town,31.6, 	134 , 	129 , 	107 , 	101 , 	172 , 	235 , 	289 ,424, 	485 ,15.3,0.0%,490,5,490,492,493,494,497, 	498 , 	498 , 	503 , 	509 ,
013,72390,2501372390,Wales town,15.7, 	360 , 	367 , 	497 , 	659 , 	852 ," 	1,177 "," 	1,566 ","1,737"," 	1,838 ",116.7,0.0%,"1,839",1,"1,844","1,854","1,863","1,875","1,876"," 	1,891 "," 	1,887 "," 	1,888 "," 	1,898 ",
013,77890,2501377890,West Springfield Town city,16.7," 	16,684 "," 	17,135 "," 	20,438 "," 	24,924 "," 	28,461 "," 	27,042 "," 	27,537 ","27,900"," 	28,391 ","1,695.0",0.4%,"28,391",,"28,357","28,541","28,631","28,619","28,655"," 	28,664 "," 	28,619 "," 	28,608 "," 	28,747 ",
013,76030,2501376030,Westfield city,46.6," 	19,775 "," 	18,793 "," 	20,962 "," 	26,302 "," 	31,433 "," 	36,465 "," 	38,372 ","40,072"," 	41,094 ",882.3,0.6%,"41,092",-2,"41,120","41,406","41,268","41,563","41,642"," 	41,699 "," 	41,570 "," 	41,435 "," 	41,680 ",
013,79740,2501379740,Wilbraham town,22.2," 	2,719 "," 	3,041 "," 	4,003 "," 	7,387 "," 	11,984 "," 	12,053 "," 	12,635 ","13,473"," 	14,219 ",639.9,0.2%,"14,219",,"14,226","14,311","14,366","14,432","14,477"," 	14,573 "," 	14,588 "," 	14,625 "," 	14,749 ",
015,01325,2501501325,Amherst town,27.7," 	5,888 "," 	6,410 "," 	10,856 "," 	13,718 "," 	26,331 "," 	33,229 "," 	35,228 ","34,874"," 	37,819 ","1,364.5",0.6%,"37,824",5,"38,725","39,055","39,024","39,677","39,788"," 	39,904 "," 	40,036 "," 	39,523 "," 	39,503 ",
015,04825,2501504825,Belchertown town,52.7," 	3,139 "," 	3,503 "," 	4,487 "," 	5,186 "," 	5,936 "," 	8,339 "," 	10,579 ","12,968"," 	14,649 ",277.8,0.2%,"14,649",,"14,658","14,741","14,788","14,801","14,812"," 	14,853 "," 	14,962 "," 	15,077 "," 	15,134 ",
015,13590,2501513590,Chesterfield town,31.1, 	420 , 	422 , 	496 , 	556 , 	704 ," 	1,000 "," 	1,048 ","1,201"," 	1,222 ",39.3,0.0%,"1,222",,"1,226","1,237","1,243","1,249","1,247"," 	1,245 "," 	1,258 "," 	1,256 "," 	1,258 ",
015,16040,2501516040,Cummington town,23.1, 	531 , 	608 , 	620 , 	550 , 	562 , 	657 , 	785 ,978, 	872 ,37.8,0.0%,868,-4,868,868,872,873,871, 	868 , 	873 , 	876 , 	878 ,
015,19370,2501519370,Easthampton Town city,13.4," 	11,323 "," 	10,316 "," 	10,694 "," 	12,326 "," 	13,012 "," 	15,580 "," 	15,537 ","15,994"," 	16,053 ","1,196.5",0.2%,"16,050",-3,"16,052","16,072","16,108","16,080","16,055"," 	16,004 "," 	16,051 "," 	16,026 "," 	15,987 ",
015,26290,2501526290,Goshen town,17.4, 	248 , 	237 , 	321 , 	385 , 	483 , 	651 , 	830 ,921," 	1,054 ",60.7,0.0%,"1,056",2,"1,058","1,062","1,065","1,066","1,068"," 	1,068 "," 	1,070 "," 	1,066 "," 	1,064 ",
015,26535,2501526535,Granby town,27.9, 	891 ," 	1,085 "," 	1,861 "," 	4,221 "," 	5,473 "," 	5,380 "," 	5,565 ","6,132"," 	6,240 ",224.0,0.1%,"6,240",,"6,242","6,272","6,316","6,323","6,326"," 	6,325 "," 	6,337 "," 	6,335 "," 	6,347 ",
015,27690,2501527690,Hadley town,23.3," 	2,682 "," 	2,576 "," 	2,639 "," 	3,099 "," 	3,760 "," 	4,125 "," 	4,231 ","4,793"," 	5,250 ",225.3,0.1%,"5,250",,"5,253","5,275","5,312","5,303","5,302"," 	5,297 "," 	5,294 "," 	5,320 "," 	5,346 ",
015,29265,2501529265,Hatfield town,16.0," 	2,476 "," 	2,216 "," 	2,179 "," 	2,350 "," 	2,825 "," 	3,045 "," 	3,184 ","3,248"," 	3,279 ",204.7,0.1%,"3,267",-12,"3,267","3,272","3,282","3,292","3,282"," 	3,285 "," 	3,308 "," 	3,283 "," 	3,284 ",
015,31785,2501531785,Huntington town,26.6," 	1,242 "," 	1,340 "," 	1,257 "," 	1,392 "," 	1,593 "," 	1,804 "," 	1,987 ","2,174"," 	2,180 ",81.8,0.0%,"2,180",,"2,182","2,183","2,184","2,180","2,177"," 	2,172 "," 	2,183 "," 	2,183 "," 	2,182 ",
015,40990,2501540990,Middlefield town,24.2, 	197 , 	201 , 	295 , 	315 , 	288 , 	385 , 	392 ,542, 	521 ,21.6,0.0%,519,-2,519,525,529,532,528, 	527 , 	531 , 	530 , 	530 ,
015,46330,2501546330,Northampton city,34.5," 	24,381 "," 	24,794 "," 	29,063 "," 	30,058 "," 	29,664 "," 	29,286 "," 	29,289 ","28,978"," 	28,549 ",828.5,0.4%,"28,552",1,"28,655","28,719","28,728","28,602","28,569"," 	28,405 "," 	28,561 "," 	28,608 "," 	28,726 ",
015,52560,2501552560,Pelham town,25.1, 	455 , 	568 , 	579 , 	805 , 	937 ," 	1,112 "," 	1,373 ","1,403"," 	1,321 ",52.7,0.0%,"1,320",-1,"1,320","1,325","1,330","1,327","1,323"," 	1,320 "," 	1,323 "," 	1,322 "," 	1,322 ",
015,54030,2501554030,Plainfield town,21.1, 	306 , 	264 , 	228 , 	237 , 	287 , 	425 , 	571 ,589, 	648 ,30.8,0.0%,648,,648,650,651,654,650, 	649 , 	657 , 	661 , 	664 ,
015,64145,2501564145,South Hadley town,17.7," 	6,773 "," 	6,856 "," 	10,145 "," 	14,956 "," 	17,033 "," 	16,399 "," 	16,685 ","17,200"," 	17,514 ",989.0,0.3%,"17,514",,"17,726","17,817","17,834","17,715","17,712"," 	17,625 "," 	17,765 "," 	17,836 "," 	17,806 ",
015,62745,2501562745,Southampton town,28.1, 	931 , 	950 ," 	1,387 "," 	2,192 "," 	3,069 "," 	4,137 "," 	4,478 ","5,387"," 	5,792 ",205.8,0.1%,"5,792",,"5,806","5,895","5,957","6,007","6,057"," 	6,105 "," 	6,147 "," 	6,188 "," 	6,196 ",
015,72880,2501572880,Ware town,34.4," 	7,385 "," 	7,557 "," 	7,517 "," 	7,517 "," 	8,187 "," 	8,953 "," 	9,808 ","9,708"," 	9,872 ",286.9,0.2%,"9,862",-1,"9,868","9,900","9,913","9,896","9,871"," 	9,839 "," 	9,848 "," 	9,831 "," 	9,811 ",
015,76380,2501576380,Westhampton town,27.1, 	374 , 	403 , 	452 , 	583 , 	793 ," 	1,137 "," 	1,327 ","1,468"," 	1,607 ",59.2,0.0%,"1,603",-4,"1,603","1,606","1,606","1,605","1,626"," 	1,622 "," 	1,630 "," 	1,635 "," 	1,641 ",
015,79915,2501579915,Williamsburg town,25.6," 	1,891 "," 	1,684 "," 	2,056 "," 	2,186 "," 	2,342 "," 	2,237 "," 	2,515 ","2,427"," 	2,482 ",96.9,0.0%,"2,484",2,"2,486","2,489","2,495","2,490","2,482"," 	2,474 "," 	2,487 "," 	2,491 "," 	2,489 ",
015,82175,2501582175,Worthington town,32.1, 	485 , 	471 , 	462 , 	597 , 	718 , 	932 ," 	1,156 ","1,270"," 	1,156 ",36.1,0.0%,"1,156",,"1,158","1,164","1,171","1,176","1,178"," 	1,181 "," 	1,189 "," 	1,191 "," 	1,187 ",
017,00380,2501700380,Acton town,20.0," 	2,482 "," 	2,701 "," 	3,510 "," 	7,238 "," 	14,770 "," 	17,544 "," 	17,872 ","20,331"," 	21,924 ","1,097.8",0.3%,"21,912",,"21,983","22,269","22,675","22,929","23,252"," 	23,485 "," 	23,610 "," 	23,712 "," 	23,738 ",
017,01605,2501701605,Arlington town,5.2," 	36,094 "," 	40,013 "," 	44,353 "," 	49,953 "," 	53,524 "," 	48,219 "," 	44,630 ","42,389"," 	42,844 ","8,267.4",0.7%,"42,819",4,"42,935","43,385","43,841","44,247","44,607"," 	44,903 "," 	45,226 "," 	45,385 "," 	45,624 ",
017,01955,2501701955,Ashby town,23.8, 	982 ," 	1,026 "," 	1,464 "," 	1,883 "," 	2,274 "," 	2,311 "," 	2,717 ","2,845"," 	3,074 ",129.2,0.0%,"3,077",,"3,085","3,115","3,152","3,174","3,194"," 	3,202 "," 	3,205 "," 	3,219 "," 	3,234 ",
017,02130,2501702130,Ashland town,12.4," 	2,397 "," 	2,479 "," 	3,500 "," 	7,779 "," 	8,882 "," 	9,165 "," 	12,066 ","14,674"," 	16,593 ","1,333.5",0.3%,"16,595",56,"16,643","16,825","17,022","17,170","17,318"," 	17,544 "," 	17,571 "," 	17,671 "," 	17,739 ",
017,03005,2501703005,Ayer town,9.0," 	3,060 "," 	3,572 "," 	5,740 "," 	14,927 "," 	7,393 "," 	6,993 "," 	6,871 ","7,287"," 	7,427 ",823.7,0.1%,"7,425",-1,"7,464","7,592","7,717","7,859","7,919"," 	7,998 "," 	8,086 "," 	8,127 "," 	8,164 ",
017,04615,2501704615,Bedford town,13.7," 	2,603 "," 	3,807 "," 	5,234 "," 	10,969 "," 	13,513 "," 	13,067 "," 	12,996 ","12,595"," 	13,320 ",969.5,0.2%,"13,320",4,"13,355","13,538","13,758","13,989","14,010"," 	14,092 "," 	14,139 "," 	14,176 "," 	14,195 ",
017,05070,2501705070,Belmont town,4.7," 	21,748 "," 	26,867 "," 	27,381 "," 	28,715 "," 	28,285 "," 	26,100 "," 	24,720 ","24,194"," 	24,729 ","5,305.0",0.4%,"24,669",4,"24,729","24,953","25,249","25,426","25,574"," 	25,628 "," 	26,324 "," 	26,337 "," 	26,330 ",
017,05805,2501705805,Billerica town,25.9," 	5,880 "," 	7,933 "," 	11,101 "," 	17,867 "," 	31,648 "," 	36,727 "," 	37,609 ","38,981"," 	40,243 ","1,554.6",0.6%,"40,225",,"40,407","41,082","41,489","41,980","42,359"," 	42,637 "," 	42,753 "," 	43,707 "," 	43,784 ",
017,07350,2501707350,Boxborough town,10.4, 	312 , 	376 , 	439 , 	744 ," 	1,451 "," 	3,126 "," 	3,343 ","4,868"," 	4,996 ",482.0,0.1%,"4,996",5,"5,011","5,059","5,107","5,131","5,166"," 	5,184 "," 	5,791 "," 	6,383 "," 	6,388 ",
017,09840,2501709840,Burlington town,11.8," 	1,722 "," 	2,275 "," 	3,250 "," 	12,852 "," 	21,980 "," 	23,486 "," 	23,302 ","22,876"," 	24,498 ","2,073.7",0.4%,"24,495",,"24,586","24,947","25,249","25,422","25,640"," 	26,236 "," 	26,782 "," 	27,881 "," 	28,742 ",
017,11000,2501711000,Cambridge city,6.4," 	113,643 "," 	110,879 "," 	120,740 "," 	107,716 "," 	100,361 "," 	95,322 "," 	95,802 ","101,355"," 	105,162 ","16,358.2",1.6%,"105,176",14,"105,038","105,905","107,911","112,069","113,019"," 	113,497 "," 	115,730 "," 	117,133 "," 	118,977 ",
017,11525,2501711525,Carlisle town,15.4, 	569 , 	747 , 	876 ," 	1,488 "," 	2,871 "," 	3,306 "," 	4,333 ","4,717"," 	4,852 ",315.8,0.1%,"4,852",,"4,869","4,924","4,985","5,034","5,079"," 	5,197 "," 	5,216 "," 	5,224 "," 	5,247 ",
017,13135,2501713135,Chelmsford town,22.6," 	7,022 "," 	8,077 "," 	9,407 "," 	15,130 "," 	31,432 "," 	31,174 "," 	32,383 ","33,619"," 	33,802 ","1,492.6",0.5%,"33,794",-8,"33,902","34,258","34,574","34,769","35,011"," 	35,081 "," 	35,021 "," 	35,016 "," 	35,313 ",
017,15060,2501715060,Concord town,24.9," 	7,477 "," 	7,972 "," 	8,623 "," 	12,517 "," 	16,148 "," 	16,293 "," 	17,076 ","16,993"," 	17,668 ",709.1,0.3%,"17,681",13,"17,765","18,754","18,930","19,195","19,433"," 	19,654 "," 	19,167 "," 	19,162 "," 	19,211 ",
017,17475,2501717475,Dracut town,20.9," 	6,912 "," 	7,339 "," 	8,666 "," 	13,674 "," 	18,214 "," 	21,249 "," 	25,594 ","28,562"," 	29,457 ","1,409.6",0.4%,"29,429",-28,"29,533","29,918","30,255","30,524","30,876"," 	31,045 "," 	31,141 "," 	31,503 "," 	31,747 ",
017,17825,2501717825,Dunstable town,16.5, 	384 , 	447 , 	522 , 	824 ," 	1,292 "," 	1,671 "," 	2,236 ","2,829"," 	3,179 ",192.1,0.0%,"3,179",,"3,187","3,213","3,249","3,272","3,297"," 	3,323 "," 	3,341 "," 	3,372 "," 	3,404 ",
017,21990,2501721990,Everett city,3.4," 	48,424 "," 	46,784 "," 	45,982 "," 	43,544 "," 	42,485 "," 	37,195 "," 	35,701 ","38,037"," 	41,667 ","12,313.9",0.6%,"41,650",-17,"41,755","42,242","42,740","43,227","44,463"," 	45,625 "," 	46,011 "," 	46,196 "," 	46,880 ",
017,24925,2501724960,Framingham city,25.1," 	22,210 "," 	23,214 "," 	28,086 "," 	44,526 "," 	64,048 "," 	65,113 "," 	64,989 ","66,910"," 	68,318 ","2,719.7",1.0%,"68,325",7,"68,667","69,651","70,064","70,417","70,787"," 	70,937 "," 	71,469 "," 	71,866 "," 	73,123 ",
017,27480,2501727480,Groton town,32.8," 	2,434 "," 	2,550 "," 	2,889 "," 	3,904 "," 	5,109 "," 	6,154 "," 	7,511 ","9,559"," 	10,646 ",324.9,0.2%,"10,643",-3,"10,685","10,914","11,032","11,117","11,217"," 	11,266 "," 	11,308 "," 	11,336 "," 	11,386 ",
017,30700,2501730700,Holliston town,18.7," 	2,864 "," 	3,000 "," 	3,753 "," 	6,222 "," 	12,069 "," 	12,622 "," 	12,926 ","13,801"," 	13,547 ",724.2,0.2%,"13,564",4,"13,610","13,875","14,056","14,197","14,406"," 	14,506 "," 	14,597 "," 	14,748 "," 	14,939 ",
017,31085,2501731085,Hopkinton town,26.6," 	2,563 "," 	2,697 "," 	3,486 "," 	4,932 "," 	5,981 "," 	7,114 "," 	9,191 ","13,346"," 	14,925 ",562.0,0.2%,"14,909",-16,"14,974","15,235","15,451","15,838","16,208"," 	16,514 "," 	16,869 "," 	17,974 "," 	18,269 ",
017,31540,2501731540,Hudson town,11.5," 	8,469 "," 	8,042 "," 	8,211 "," 	9,666 "," 	16,084 "," 	16,408 "," 	17,233 ","18,113"," 	19,063 ","1,657.0",0.3%,"19,079",16,"19,134","19,329","19,507","19,659","19,782"," 	19,858 "," 	19,891 "," 	19,916 "," 	19,960 ",
017,35215,2501735215,Lexington town,16.4," 	9,467 "," 	13,187 "," 	17,335 "," 	27,691 "," 	31,886 "," 	29,479 "," 	28,974 ","30,355"," 	31,394 ","1,914.4",0.5%,"31,406",12,"31,511","31,963","32,352","32,812","33,101"," 	33,340 "," 	33,499 "," 	33,661 "," 	33,792 ",
017,35425,2501735425,Lincoln town,14.4," 	1,493 "," 	1,783 "," 	2,427 "," 	5,613 "," 	7,567 "," 	7,098 "," 	7,666 ","8,056"," 	6,362 ",442.8,0.1%,"6,362",,"6,380","6,438","6,490","6,536","6,577"," 	6,749 "," 	6,760 "," 	6,777 "," 	6,797 ",
017,35950,2501735950,Littleton town,16.6," 	1,447 "," 	1,651 "," 	2,349 "," 	5,109 "," 	6,380 "," 	6,970 "," 	7,051 ","8,184"," 	8,924 ",537.0,0.1%,"8,926",2,"8,954","9,053","9,154","9,267","9,408"," 	9,891 "," 	10,018 "," 	10,095 "," 	10,241 ",
017,37000,2501737000,Lowell city,13.8," 	100,234 "," 	101,389 "," 	97,249 "," 	92,107 "," 	94,239 "," 	92,418 "," 	103,439 ","105,167"," 	106,519 ","7,733.7",1.6%,"106,528",9,"106,787","107,767","108,805","109,768","110,541"," 	111,149 "," 	111,250 "," 	111,728 "," 	111,670 ",
017,37875,2501737875,Malden city,5.1," 	58,036 "," 	58,010 "," 	59,804 "," 	57,676 "," 	56,127 "," 	53,386 "," 	53,884 ","56,345"," 	59,450 ","11,715.7",0.9%,"59,416",-34,"59,571","60,004","60,468","60,817","61,093"," 	61,258 "," 	61,159 "," 	61,071 "," 	61,036 ",
017,38715,2501738715,Marlborough city,21.1," 	15,587 "," 	15,154 "," 	15,756 "," 	18,819 "," 	27,936 "," 	30,617 "," 	31,813 ","36,255"," 	38,499 ","1,825.9",0.6%,"38,497",-2,"38,580","38,934","39,305","39,468","39,691"," 	39,799 "," 	39,793 "," 	39,788 "," 	39,825 ",
017,39625,2501739625,Maynard town,5.2," 	7,156 "," 	6,812 "," 	6,978 "," 	7,695 "," 	9,710 "," 	9,590 "," 	10,325 ","10,433"," 	10,106 ","1,928.3",0.2%,"10,112",6,"10,116","10,211","10,328","10,409","10,487"," 	10,582 "," 	10,605 "," 	10,643 "," 	10,667 ",
017,39835,2501739835,Medford city,8.1," 	59,714 "," 	63,083 "," 	66,113 "," 	64,971 "," 	64,397 "," 	58,076 "," 	57,407 ","55,638"," 	56,173 ","6,901.4",0.9%,"56,304",,"56,425","56,840","57,276","57,424","57,572"," 	57,811 "," 	57,849 "," 	57,783 "," 	57,765 ",
017,40115,2501740115,Melrose city,4.7," 	23,170 "," 	25,333 "," 	26,988 "," 	29,619 "," 	33,180 "," 	30,055 "," 	28,150 ","27,134"," 	26,983 ","5,747.7",0.4%,"26,966",-17,"27,036","27,291","27,515","27,807","28,037"," 	28,053 "," 	28,118 "," 	28,206 "," 	28,193 ",
017,43895,2501743895,Natick town,15.1," 	13,589 "," 	13,851 "," 	19,838 "," 	28,831 "," 	31,057 "," 	29,461 "," 	30,510 ","32,170"," 	33,006 ","2,188.3",0.5%,"33,012",6,"33,104","33,438","33,877","35,316","35,724"," 	36,218 "," 	36,089 "," 	36,171 "," 	36,229 ",
017,45560,2501745560,Newton city,18.1," 	65,276 "," 	69,873 "," 	81,994 "," 	92,384 "," 	91,066 "," 	83,622 "," 	82,585 ","83,831"," 	85,146 ","4,716.5",1.3%,"85,114",-32,"85,399","85,845","87,054","87,508","88,295"," 	88,614 "," 	88,604 "," 	88,855 "," 	88,904 ",
017,48955,2501748955,North Reading town,13.3," 	1,945 "," 	2,886 "," 	4,402 "," 	8,331 "," 	11,264 "," 	11,455 "," 	12,002 ","13,837"," 	14,892 ","1,123.6",0.2%,"14,889",-3,"14,937","15,109","15,283","15,385","15,513"," 	15,605 "," 	15,658 "," 	15,689 "," 	15,710 ",
017,52805,2501752805,Pepperell town,22.6," 	2,922 "," 	3,114 "," 	3,460 "," 	4,336 "," 	5,887 "," 	8,061 "," 	10,098 ","11,130"," 	11,497 ",509.6,0.2%,"11,498",1,"11,537","11,686","11,820","11,916","12,006"," 	12,062 "," 	12,084 "," 	12,117 "," 	12,161 ",
017,56130,2501756130,Reading town,9.9," 	9,767 "," 	10,866 "," 	14,006 "," 	19,259 "," 	22,539 "," 	22,678 "," 	22,539 ","23,709"," 	24,747 ","2,493.0",0.4%,"23,987",-76,"24,048","24,275","24,493","24,636","24,760"," 	24,933 "," 	25,182 "," 	25,298 "," 	25,337 ",
017,61380,2501761380,Sherborn town,16.0, 	943 ," 	1,022 "," 	1,245 "," 	1,806 "," 	3,309 "," 	4,049 "," 	3,989 ","4,200"," 	4,119 ",258.0,0.1%,"4,119",,"4,129","4,172","4,204","4,240","4,279"," 	4,291 "," 	4,294 "," 	4,314 "," 	4,341 ",
017,61590,2501761590,Shirley town,15.8," 	2,427 "," 	2,608 "," 	4,271 "," 	5,202 "," 	4,909 "," 	5,124 "," 	6,118 ","7,616"," 	7,211 ",455.7,0.1%,"7,211",,"7,310","7,413","7,489","7,398","7,516"," 	7,612 "," 	7,630 "," 	7,628 "," 	7,649 ",
017,62535,2501762535,Somerville city,4.1," 	103,908 "," 	102,177 "," 	102,351 "," 	94,697 "," 	88,779 "," 	77,372 "," 	76,210 ","77,600"," 	75,754 ","18,448.3",1.2%,"75,651",-13,"75,828","76,653","77,569","78,526","78,939"," 	79,662 "," 	80,902 "," 	81,159 "," 	81,562 ",
017,67665,2501767665,Stoneham town,6.1," 	10,060 "," 	10,765 "," 	13,229 "," 	17,821 "," 	20,725 "," 	21,424 "," 	22,203 ","22,219"," 	21,437 ","3,486.9",0.3%,"21,288",56,"21,339","21,498","21,673","21,808","21,932"," 	22,000 "," 	22,010 "," 	21,994 "," 	22,729 ",
017,68050,2501768050,Stow town,17.6," 	1,142 "," 	1,243 "," 	1,700 "," 	2,573 "," 	3,984 "," 	5,144 "," 	5,328 ","5,902"," 	6,590 ",373.9,0.1%,"6,584",-6,"6,629","6,752","6,863","6,928","7,043"," 	7,059 "," 	7,068 "," 	7,085 "," 	7,214 ",
017,68260,2501768260,Sudbury town,24.4," 	1,182 "," 	1,754 "," 	2,596 "," 	7,447 "," 	13,506 "," 	14,027 "," 	14,358 ","16,841"," 	17,659 ",724.6,0.3%,"17,675",16,"17,712","17,945","18,116","18,320","18,661"," 	18,763 "," 	18,818 "," 	18,826 "," 	19,627 ",
017,69415,2501769415,Tewksbury town,20.7," 	5,585 "," 	6,261 "," 	7,505 "," 	15,902 "," 	22,755 "," 	24,635 "," 	27,266 ","28,851"," 	28,961 ","1,397.6",0.4%,"29,090",129,"29,224","29,523","30,013","30,153","30,381"," 	30,850 "," 	31,018 "," 	31,302 "," 	31,388 ",
017,70360,2501770360,Townsend town,32.9," 	1,752 "," 	2,065 "," 	2,817 "," 	3,650 "," 	4,281 "," 	7,201 "," 	8,496 ","9,198"," 	8,926 ",271.5,0.1%,"8,926",,"8,974","9,057","9,155","9,224","9,355"," 	9,431 "," 	9,474 "," 	9,502 "," 	9,547 ",
017,71025,2501771025,Tyngsborough town,16.9," 	1,358 "," 	1,634 "," 	2,059 "," 	3,302 "," 	4,204 "," 	5,683 "," 	8,642 ","11,081"," 	11,292 ",669.9,0.2%,"11,287",-5,"11,387","11,780","11,951","12,048","12,128"," 	12,215 "," 	12,301 "," 	12,323 "," 	12,418 ",
017,72215,2501772215,Wakefield town,7.5," 	16,318 "," 	16,223 "," 	19,633 "," 	24,295 "," 	25,402 "," 	24,895 "," 	24,825 ","24,804"," 	24,932 ","3,338.8",0.4%,"25,096",164,"25,178","25,454","25,662","26,170","26,804"," 	26,891 "," 	26,900 "," 	27,094 "," 	27,135 ",
017,72600,2501772600,Waltham city,12.7," 	39,247 "," 	40,020 "," 	47,187 "," 	55,413 "," 	61,582 "," 	58,200 "," 	57,878 ","59,226"," 	60,632 ","4,774.1",0.9%,"60,621",-11,"60,872","61,359","62,029","62,311","63,097"," 	62,981 "," 	62,923 "," 	62,919 "," 	62,962 ",
017,73440,2501773440,Watertown Town city,4.1," 	34,913 "," 	35,427 "," 	37,329 "," 	39,092 "," 	39,307 "," 	34,384 "," 	33,284 ","32,986"," 	31,915 ","7,765.1",0.5%,"31,977",62,"32,071","32,345","33,041","33,230","34,299"," 	34,376 "," 	35,141 "," 	35,737 "," 	35,954 ",
017,73790,2501773790,Wayland town,15.2," 	2,937 "," 	3,505 "," 	4,407 "," 	10,444 "," 	13,461 "," 	12,170 "," 	11,874 ","13,100"," 	12,994 ",852.9,0.2%,"12,940",-54,"12,977","13,110","13,259","13,411","13,494"," 	13,610 "," 	13,800 "," 	13,858 "," 	13,882 ",
017,76135,2501776135,Westford town,30.6," 	3,600 "," 	3,830 "," 	4,262 "," 	6,261 "," 	10,368 "," 	13,434 "," 	16,392 ","20,748"," 	21,951 ",717.1,0.3%,"21,962",-1,"22,050","22,471","23,248","23,647","24,029"," 	24,124 "," 	24,226 "," 	24,268 "," 	24,296 ",
017,77255,2501777255,Weston town,17.0," 	3,332 "," 	3,590 "," 	5,026 "," 	8,261 "," 	10,870 "," 	11,169 "," 	10,200 ","11,469"," 	11,261 ",661.8,0.2%,"11,265",4,"11,370","11,515","11,698","11,845","11,921"," 	12,066 "," 	12,100 "," 	12,119 "," 	12,134 ",
017,80230,2501780230,Wilmington town,17.1," 	4,013 "," 	4,645 "," 	7,039 "," 	12,475 "," 	17,102 "," 	17,471 "," 	17,651 ","21,363"," 	22,325 ","1,303.1",0.3%,"22,325",,"22,398","22,699","22,988","23,183","23,383"," 	23,520 "," 	23,689 "," 	23,759 "," 	23,907 ",
017,80510,2501780510,Winchester town,6.0," 	12,719 "," 	15,081 "," 	15,509 "," 	19,376 "," 	22,269 "," 	20,701 "," 	20,267 ","20,810"," 	21,374 ","3,539.7",0.3%,"21,393",19,"21,480","21,728","22,038","22,286","22,454"," 	22,572 "," 	22,685 "," 	22,805 "," 	22,851 ",
017,81035,2501781035,Woburn city,12.7," 	19,434 "," 	19,751 "," 	20,492 "," 	31,214 "," 	37,406 "," 	36,626 "," 	35,943 ","37,257"," 	38,120 ","3,007.7",0.6%,"38,882",762,"39,063","39,435","39,676","39,905","40,100"," 	40,276 "," 	40,343 "," 	40,376 "," 	40,397 ",
019,43790,2501943790,Nantucket town,47.8," 	3,678 "," 	3,401 "," 	3,484 "," 	3,559 "," 	3,774 "," 	5,087 "," 	6,012 ","9,520"," 	10,172 ",212.8,0.2%,"10,172",,"10,167","10,130","10,311","10,567","10,839"," 	10,945 "," 	11,124 "," 	11,270 "," 	11,327 ",
021,02935,2502102935,Avon town,4.4," 	2,414 "," 	2,335 "," 	2,666 "," 	4,301 "," 	5,295 "," 	5,026 "," 	4,558 ","4,443"," 	4,356 ",994.9,0.1%,"4,354",4,"4,364","4,376","4,401","4,445","4,462"," 	4,460 "," 	4,496 "," 	4,504 "," 	4,519 ",
021,04930,2502104930,Bellingham town,18.5," 	3,189 "," 	2,979 "," 	4,100 "," 	6,774 "," 	13,967 "," 	14,300 "," 	14,877 ","15,314"," 	16,332 ",882.8,0.2%,"16,411",79,"16,443","16,497","16,624","16,770","16,860"," 	16,937 "," 	17,017 "," 	17,121 "," 	17,182 ",
021,07740,2502107740,Braintree Town city,13.9," 	15,712 "," 	16,378 "," 	23,161 "," 	31,069 "," 	35,050 "," 	36,337 "," 	33,836 ","33,828"," 	35,744 ","2,572.3",0.5%,"35,726",-18,"35,806","36,015","36,347","36,789","37,181"," 	37,180 "," 	37,187 "," 	37,242 "," 	37,250 ",
021,09175,2502109175,Brookline town,6.8," 	47,490 "," 	49,786 "," 	57,589 "," 	54,044 "," 	58,886 "," 	55,062 "," 	54,718 ","57,105"," 	58,732 ","8,649.0",0.9%,"58,607",-125,"58,700","58,761","58,946","59,306","59,308"," 	59,124 "," 	59,141 "," 	59,266 "," 	59,310 ",
021,11315,2502111315,Canton town,18.9," 	5,816 "," 	6,381 "," 	7,465 "," 	12,771 "," 	17,100 "," 	18,182 "," 	18,530 ","20,775"," 	21,561 ","1,138.8",0.3%,"21,581",2,"21,634","21,771","21,975","22,241","22,537"," 	22,771 "," 	23,235 "," 	23,410 "," 	23,629 ",
021,14640,2502114640,Cohasset town,9.9," 	3,083 "," 	3,111 "," 	3,731 "," 	5,840 "," 	6,954 "," 	7,174 "," 	7,075 ","7,261"," 	7,542 ",762.8,0.1%,"7,540",-2,"7,549","8,140","8,211","8,290","8,350"," 	8,391 "," 	8,459 "," 	8,511 "," 	8,541 ",
021,16495,2502116495,Dedham town,10.5," 	15,136 "," 	15,508 "," 	18,487 "," 	23,869 "," 	26,938 "," 	25,298 "," 	23,782 ","23,464"," 	24,729 ","2,365.7",0.4%,"24,725",-4,"24,820","24,891","25,097","25,352","25,463"," 	25,385 "," 	25,391 "," 	25,310 "," 	25,334 ",
021,17405,2502117405,Dover town,15.3," 	1,195 "," 	1,374 "," 	1,722 "," 	2,846 "," 	4,529 "," 	4,703 "," 	4,915 ","5,558"," 	5,589 ",364.6,0.1%,"5,591",2,"5,603","5,667","5,734","5,796","5,875"," 	5,943 "," 	5,982 "," 	6,049 "," 	6,101 ",
021,24820,2502124820,Foxborough town,20.1," 	5,347 "," 	6,303 "," 	7,030 "," 	10,136 "," 	14,218 "," 	14,148 "," 	14,637 ","16,246"," 	16,865 ",839.9,0.3%,"16,872",7,"16,912","16,979","17,124","17,296","17,408"," 	17,445 "," 	17,540 "," 	17,602 "," 	17,671 ",
021,25172,2502125172,Franklin Town city,26.7," 	7,028 "," 	7,303 "," 	8,037 "," 	10,530 "," 	17,830 "," 	18,217 "," 	22,095 ","29,560"," 	31,635 ","1,183.0",0.5%,"31,633",-2,"31,847","32,164","32,336","32,616","32,821"," 	32,892 "," 	32,971 "," 	33,155 "," 	33,230 ",
021,30455,2502130455,Holbrook town,7.4," 	3,353 "," 	3,330 "," 	4,004 "," 	10,104 "," 	11,775 "," 	11,140 "," 	11,041 ","10,785"," 	10,791 ","1,467.5",0.2%,"10,806",4,"10,826","10,865","10,934","10,992","11,042"," 	11,041 "," 	11,036 "," 	11,044 "," 	11,048 ",
021,39765,2502139765,Medfield town,14.5," 	4,066 "," 	4,384 "," 	4,549 "," 	6,021 "," 	9,821 "," 	10,220 "," 	10,531 ","12,273"," 	12,024 ",828.6,0.2%,"12,027",3,"12,058","12,119","12,231","12,305","12,389"," 	12,677 "," 	12,863 "," 	12,868 "," 	12,904 ",
021,39975,2502139975,Medway town,11.5," 	3,153 "," 	3,297 "," 	3,744 "," 	5,168 "," 	7,938 "," 	8,447 "," 	9,931 ","12,448"," 	12,752 ","1,113.6",0.2%,"12,754",2,"12,782","12,803","12,918","12,992","13,108"," 	13,157 "," 	13,228 "," 	13,339 "," 	13,427 ",
021,41515,2502141515,Millis town,12.2," 	1,738 "," 	2,278 "," 	2,551 "," 	4,374 "," 	5,686 "," 	6,908 "," 	7,613 ","7,902"," 	7,891 ",649.1,0.1%,"7,900",9,"7,913","7,969","8,015","8,067","8,112"," 	8,162 "," 	8,183 "," 	8,230 "," 	8,270 ",
021,41690,2502141690,Milton town,13.0," 	16,434 "," 	18,708 "," 	22,395 "," 	26,375 "," 	27,190 "," 	25,860 "," 	25,725 ","26,062"," 	27,003 ","2,071.3",0.4%,"27,010",7,"27,070","27,133","27,278","27,420","27,543"," 	27,545 "," 	27,571 "," 	27,572 "," 	27,616 ",
021,44105,2502144105,Needham town,12.6," 	10,845 "," 	12,445 "," 	16,313 "," 	25,793 "," 	29,748 "," 	27,901 "," 	27,557 ","28,478"," 	28,886 ","2,290.7",0.4%,"28,963",77,"29,161","29,277","29,498","29,834","30,263"," 	30,489 "," 	30,672 "," 	31,009 "," 	31,248 ",
021,46050,2502146050,Norfolk town,14.8," 	1,429 "," 	2,294 "," 	2,704 "," 	3,471 "," 	4,656 "," 	6,363 "," 	9,270 ","10,460"," 	11,227 ",756.8,0.2%,"11,215",-12,"11,242","11,394","11,509","11,587","11,750"," 	11,548 "," 	11,664 "," 	11,805 "," 	11,988 ",
021,50250,2502150250,Norwood town,10.5," 	15,049 "," 	15,383 "," 	16,636 "," 	24,898 "," 	30,815 "," 	29,711 "," 	28,700 ","28,587"," 	28,602 ","2,728.4",0.4%,"28,609",7,"28,652","28,708","28,861","29,033","29,147"," 	29,089 "," 	29,164 "," 	29,245 "," 	29,327 ",
021,54100,2502154100,Plainville town,11.1," 	1,583 "," 	1,302 "," 	2,088 "," 	3,810 "," 	4,953 "," 	5,857 "," 	6,871 ","7,683"," 	8,264 ",747.1,0.1%,"8,273",9,"8,304","8,386","8,450","8,796","8,926"," 	9,013 "," 	9,104 "," 	9,168 "," 	9,230 ",
021,55745,2502155745,Quincy city,16.8," 	71,983 "," 	75,810 "," 	83,835 "," 	87,409 "," 	87,966 "," 	84,743 "," 	84,985 ","88,025"," 	92,271 ","5,497.3",1.4%,"92,262",-9,"92,463","92,541","92,979","93,484","93,730"," 	93,807 "," 	94,133 "," 	94,317 "," 	94,580 ",
021,55955,2502155955,Randolph town,10.1," 	6,553 "," 	7,634 "," 	9,982 "," 	18,900 "," 	27,035 "," 	28,218 "," 	30,093 ","30,963"," 	32,112 ","3,189.3",0.5%,"32,100",,"32,434","32,743","33,255","33,502","33,648"," 	33,639 "," 	33,632 "," 	34,315 "," 	34,398 ",
021,60785,2502160785,Sharon town,23.3," 	3,351 "," 	3,737 "," 	4,847 "," 	10,070 "," 	12,367 "," 	13,601 "," 	15,517 ","17,408"," 	17,612 ",755.7,0.3%,"17,554",-58,"17,588","17,860","17,993","18,163","18,263"," 	18,265 "," 	18,269 "," 	18,307 "," 	18,943 ",
021,67945,2502167945,Stoughton town,16.0," 	8,204 "," 	8,632 "," 	11,146 "," 	16,328 "," 	23,459 "," 	26,710 "," 	26,777 ","27,149"," 	26,962 ","1,680.9",0.4%,"26,995",33,"27,124","27,753","27,900","28,179","28,340"," 	28,369 "," 	28,392 "," 	28,584 "," 	28,950 ",
021,72495,2502172495,Walpole town,20.5," 	7,273 "," 	7,443 "," 	9,109 "," 	14,068 "," 	18,149 "," 	18,859 "," 	20,212 ","22,824"," 	24,070 ","1,171.9",0.4%,"24,069",-1,"24,141","24,374","24,632","24,758","24,941"," 	25,099 "," 	25,044 "," 	25,143 "," 	25,209 ",
021,74175,2502174175,Wellesley town,10.2," 	11,439 "," 	15,127 "," 	20,549 "," 	26,071 "," 	28,051 "," 	27,209 "," 	26,615 ","27,046"," 	27,982 ","2,748.6",0.4%,"27,908",-74,"28,059","28,550","28,560","28,706","28,661"," 	28,911 "," 	29,308 "," 	29,513 "," 	29,673 ",
021,78690,2502178690,Westwood town,11.0," 	2,097 "," 	3,376 "," 	5,837 "," 	10,354 "," 	12,750 "," 	13,212 "," 	12,557 ","14,117"," 	14,618 ","1,332.4",0.2%,"14,623",5,"14,653","14,708","14,803","14,902","15,026"," 	16,033 "," 	16,031 "," 	16,088 "," 	16,127 ",
021,78972,2502178972,Weymouth Town city,17.0," 	20,882 "," 	23,868 "," 	32,690 "," 	48,177 "," 	54,610 "," 	55,601 "," 	54,063 ","53,988"," 	53,743 ","3,159.7",0.8%,"53,762",19,"53,830","54,176","55,062","55,458","55,737"," 	55,807 "," 	55,914 "," 	56,744 "," 	57,719 ",
021,82315,2502182315,Wrentham town,22.2," 	3,584 "," 	4,674 "," 	5,341 "," 	6,685 "," 	7,315 "," 	7,580 "," 	9,006 ","10,554"," 	10,955 ",493.5,0.2%,"11,037",82,"11,061","11,112","11,218","11,361","11,508"," 	11,608 "," 	11,726 "," 	11,856 "," 	11,964 ",
023,00170,2502300170,Abington town,9.9," 	5,872 "," 	5,708 "," 	7,152 "," 	10,607 "," 	12,334 "," 	13,517 "," 	13,817 ","14,605"," 	15,985 ","1,607.9",0.2%,"16,026",5,"16,043","16,075","16,095","16,165","16,231"," 	16,262 "," 	16,322 "," 	16,400 "," 	16,516 ",
023,08085,2502308085,Bridgewater town,27.5," 	9,055 "," 	8,902 "," 	9,512 "," 	10,276 "," 	11,829 "," 	17,202 "," 	21,249 ","25,185"," 	26,563 ",966.3,0.4%,"26,569",6,"26,709","26,825","26,890","27,318","27,507"," 	27,442 "," 	27,382 "," 	27,275 "," 	27,395 ",
023,09000,2502309000,Brockton city,21.5," 	63,797 "," 	62,343 "," 	62,860 "," 	72,813 "," 	89,040 "," 	95,172 "," 	92,788 ","94,304"," 	93,810 ","4,369.8",1.4%,"93,767",-43,"93,809","94,109","94,047","94,365","94,863"," 	95,433 "," 	95,391 "," 	95,659 "," 	95,777 ",
023,11665,2502311665,Carver town,37.5," 	1,381 "," 	1,469 "," 	1,530 "," 	1,949 "," 	2,420 "," 	6,988 "," 	10,590 ","11,163"," 	11,509 ",306.5,0.2%,"11,490",-19,"11,504","11,509","11,497","11,536","11,575"," 	11,619 "," 	11,657 "," 	11,718 "," 	11,777 ",
023,17895,2502317895,Duxbury town,23.8," 	1,696 "," 	2,359 "," 	3,167 "," 	4,727 "," 	7,636 "," 	11,807 "," 	13,895 ","14,248"," 	15,059 ",634.0,0.2%,"15,060",1,"15,081","15,102","15,149","15,267","15,352"," 	15,435 "," 	15,849 "," 	15,930 "," 	15,946 ",
023,18455,2502318455,East Bridgewater town,17.2," 	3,591 "," 	3,832 "," 	4,412 "," 	6,139 "," 	8,347 "," 	9,945 "," 	11,104 ","12,974"," 	13,794 ",800.1,0.2%,"13,796",2,"13,811","13,897","13,958","14,070","14,245"," 	14,315 "," 	14,417 "," 	14,467 "," 	14,496 ",
023,27795,2502327795,Halifax town,16.1, 	728 , 	867 , 	944 ," 	1,599 "," 	3,537 "," 	5,513 "," 	6,526 ","7,500"," 	7,518 ",465.6,0.1%,"7,526",8,"7,537","7,559","7,581","7,636","7,719"," 	7,772 "," 	7,822 "," 	7,864 "," 	7,890 ",
023,28285,2502328285,Hanover town,15.6," 	2,808 "," 	2,875 "," 	3,389 "," 	5,923 "," 	10,107 "," 	11,358 "," 	11,912 ","13,164"," 	13,879 ",889.2,0.2%,"13,873",-6,"13,896","13,921","14,132","14,220","14,302"," 	14,338 "," 	14,387 "," 	14,453 "," 	14,517 ",
023,28495,2502328495,Hanson town,15.0," 	2,184 "," 	2,570 "," 	3,264 "," 	4,370 "," 	7,148 "," 	8,617 "," 	9,028 ","9,495"," 	10,209 ",680.0,0.2%,"10,192",-17,"10,209","10,246","10,266","10,301","10,395"," 	10,575 "," 	10,708 "," 	10,768 "," 	10,874 ",
023,30210,2502330210,Hingham town,22.5," 	6,657 "," 	8,003 "," 	10,665 "," 	15,378 "," 	18,845 "," 	20,339 "," 	19,821 ","19,882"," 	22,157 ",986.0,0.3%,"22,155",-2,"22,212","22,308","22,506","22,743","22,946"," 	23,073 "," 	23,105 "," 	23,414 "," 	23,923 ",
023,31645,2502331645,Hull town,3.0," 	2,047 "," 	2,167 "," 	3,379 "," 	7,055 "," 	9,961 "," 	9,714 "," 	10,466 ","11,050"," 	10,293 ","3,398.9",0.2%,"10,293",,"10,305","10,310","10,316","10,357","10,384"," 	10,398 "," 	10,425 "," 	10,452 "," 	10,463 ",
023,33220,2502333220,Kingston town,18.5," 	2,672 "," 	2,783 "," 	3,461 "," 	4,302 "," 	5,999 "," 	7,362 "," 	9,045 ","11,780"," 	12,629 ",681.6,0.2%,"12,628",-2,"12,640","12,695","12,731","12,866","13,039"," 	13,209 "," 	13,396 "," 	13,566 "," 	13,723 ",
023,33920,2502333920,Lakeville town,29.9," 	1,574 "," 	1,780 "," 	2,066 "," 	3,209 "," 	4,376 "," 	5,931 "," 	7,785 ","9,821"," 	10,602 ",354.6,0.2%,"10,610",9,"10,724","10,774","10,860","11,127","11,156"," 	11,203 "," 	11,270 "," 	11,422 "," 	11,418 ",
023,38540,2502338540,Marion town,14.6," 	1,638 "," 	2,030 "," 	2,250 "," 	2,881 "," 	3,466 "," 	3,932 "," 	4,496 ","5,123"," 	4,907 ",335.4,0.1%,"4,907",2,"4,919","4,929","4,913","4,935","5,065"," 	5,078 "," 	5,094 "," 	5,108 "," 	5,143 ",
023,38855,2502338855,Marshfield town,28.5," 	1,625 "," 	2,419 "," 	3,267 "," 	6,748 "," 	15,223 "," 	20,916 "," 	21,531 ","24,324"," 	25,132 ",883.2,0.4%,"25,125",2,"25,206","25,332","25,389","25,456","25,578"," 	25,631 "," 	25,739 "," 	25,844 "," 	25,905 ",
023,39450,2502339450,Mattapoisett town,16.5," 	1,501 "," 	1,608 "," 	2,265 "," 	3,117 "," 	4,500 "," 	5,597 "," 	5,850 ","6,268"," 	6,045 ",366.8,0.1%,"6,045",-7,"6,055","6,081","6,110","6,165","6,210"," 	6,253 "," 	6,290 "," 	6,330 "," 	6,379 ",
023,40850,2502340850,Middleborough town,69.6," 	8,608 "," 	9,032 "," 	10,164 "," 	11,065 "," 	13,607 "," 	16,404 "," 	17,867 ","19,941"," 	23,116 ",332.3,0.4%,"23,114",-1,"23,148","23,231","23,333","23,604","23,831"," 	24,147 "," 	24,552 "," 	24,868 "," 	25,121 ",
023,50145,2502350145,Norwell town,20.9," 	1,519 "," 	1,871 "," 	2,515 "," 	5,207 "," 	7,796 "," 	9,182 "," 	9,279 ","9,765"," 	10,506 ",503.3,0.2%,"10,514",5,"10,528","10,563","10,603","10,662","10,839"," 	10,923 "," 	10,965 "," 	11,075 "," 	11,115 ",
023,52630,2502352630,Pembroke town,21.8," 	1,492 "," 	1,718 "," 	2,579 "," 	4,919 "," 	11,193 "," 	13,487 "," 	14,544 ","16,927"," 	17,837 ",816.6,0.3%,"17,844",47,"17,875","17,923","17,951","18,074","18,164"," 	18,227 "," 	18,304 "," 	18,381 "," 	18,448 ",
023,54310,2502354310,Plymouth town,96.5," 	13,042 "," 	13,100 "," 	13,608 "," 	14,445 "," 	18,606 "," 	35,913 "," 	45,608 ","51,701"," 	56,468 ",585.4,0.9%,"56,468",-7,"56,652","57,132","57,267","57,566","58,265"," 	58,581 "," 	59,169 "," 	59,907 "," 	60,803 ",
023,54415,2502354415,Plympton town,14.8, 	511 , 	532 , 	697 , 	821 ," 	1,224 "," 	1,974 "," 	2,384 ","2,637"," 	2,820 ",190.7,0.0%,"2,839",-2,"2,847","2,855","2,857","2,874","2,893"," 	2,911 "," 	2,926 "," 	2,972 "," 	2,985 ",
023,57600,2502357600,Rochester town,33.9," 	1,141 "," 	1,269 "," 	1,328 "," 	1,559 "," 	1,770 "," 	3,205 "," 	3,921 ","4,581"," 	5,232 ",154.2,0.1%,"5,230",-2,"5,240","5,295","5,314","5,366","5,424"," 	5,471 "," 	5,510 "," 	5,572 "," 	5,628 ",
023,57775,2502357775,Rockland town,10.0," 	7,524 "," 	8,087 "," 	8,960 "," 	13,119 "," 	15,674 "," 	15,695 "," 	16,123 ","17,670"," 	17,489 ","1,745.0",0.3%,"17,478",-11,"17,500","17,556","17,611","17,688","17,805"," 	17,880 "," 	17,924 "," 	17,956 "," 	17,960 ",
023,60330,2502360330,Scituate town,17.2," 	3,118 "," 	4,130 "," 	5,993 "," 	11,214 "," 	16,973 "," 	17,317 "," 	16,786 ","17,863"," 	18,133 ","1,055.3",0.3%,"18,135",2,"18,157","18,174","18,194","18,299","18,405"," 	18,468 "," 	18,594 "," 	18,697 "," 	18,834 ",
023,72985,2502372985,Wareham town,35.8," 	5,686 "," 	6,364 "," 	7,569 "," 	9,461 "," 	11,492 "," 	18,457 "," 	19,232 ","20,335"," 	21,822 ",609.6,0.3%,"21,841",19,"21,875","22,232","22,361","22,434","22,509"," 	22,536 "," 	22,578 "," 	22,615 "," 	22,666 ",
023,75260,2502375260,West Bridgewater town,15.7," 	3,206 "," 	3,247 "," 	4,059 "," 	5,061 "," 	7,152 "," 	6,359 "," 	6,389 ","6,634"," 	6,916 ",439.4,0.1%,"6,927",11,"6,937","6,948","6,953","7,014","7,068"," 	7,108 "," 	7,153 "," 	7,237 "," 	7,262 ",
023,79530,2502379530,Whitman town,7.0," 	7,638 "," 	7,759 "," 	8,413 "," 	10,485 "," 	13,059 "," 	13,534 "," 	13,240 ","13,882"," 	14,489 ","2,083.0",0.2%,"14,485",-4,"14,511","14,571","14,617","14,717","14,795"," 	14,858 "," 	14,936 "," 	15,019 "," 	15,168 ",
025,07000,2502507000,Boston city,48.4," 	781,188 "," 	770,816 "," 	801,444 "," 	697,197 "," 	641,071 "," 	562,994 "," 	574,283 ","589,143"," 	617,594 ","12,753.3",9.4%,"617,786",192,"621,074","630,480","643,003","653,103","663,017"," 	670,791 "," 	680,470 "," 	688,276 "," 	694,583 ",
025,13205,2502513205,Chelsea city,2.2," 	45,816 "," 	41,259 "," 	38,912 "," 	33,749 "," 	30,625 "," 	25,431 "," 	28,710 ","35,080"," 	35,177 ","16,081.1",0.5%,"35,170",9,"35,334","36,195","36,904","37,641","38,685"," 	39,745 "," 	40,288 "," 	40,333 "," 	40,160 ",
025,56585,2502556585,Revere city,5.9," 	35,680 "," 	34,405 "," 	36,763 "," 	40,080 "," 	43,159 "," 	42,423 "," 	42,786 ","47,283"," 	51,755 ","8,750.3",0.8%,"51,737",-18,"51,872","52,653","53,270","53,731","53,844"," 	54,012 "," 	54,021 "," 	54,163 "," 	53,821 ",
025,81005,2502581005,Winthrop Town city,2.0," 	16,852 "," 	16,768 "," 	19,496 "," 	20,303 "," 	20,335 "," 	19,294 "," 	18,127 ","18,303"," 	17,497 ","8,802.8",0.3%,"17,497",,"17,539","17,798","17,998","18,152","18,293"," 	18,414 "," 	18,543 "," 	18,683 "," 	18,688 ",
027,01885,2502701885,Ashburnham town,38.7," 	2,079 "," 	2,255 "," 	2,603 "," 	2,758 "," 	3,484 "," 	4,075 "," 	5,433 ","5,546"," 	6,081 ",157.3,0.1%,"6,076",-5,"6,086","6,109","6,135","6,157","6,177"," 	6,197 "," 	6,224 "," 	6,306 "," 	6,346 ",
027,02480,2502702480,Athol town,32.6," 	10,677 "," 	11,180 "," 	11,554 "," 	11,637 "," 	11,185 "," 	10,634 "," 	11,451 ","11,297"," 	11,584 ",355.6,0.2%,"11,579",-5,"11,616","11,627","11,659","11,677","11,678"," 	11,673 "," 	11,670 "," 	11,717 "," 	11,753 ",
027,02760,2502702760,Auburn town,15.4," 	6,147 "," 	6,629 "," 	8,840 "," 	14,047 "," 	15,347 "," 	14,845 "," 	15,005 ","15,901"," 	16,188 ","1,054.0",0.2%,"16,202",14,"16,217","16,281","16,352","16,418","16,513"," 	16,561 "," 	16,604 "," 	16,683 "," 	16,782 ",
027,03740,2502703740,Barre town,44.3," 	3,510 "," 	3,528 "," 	3,406 "," 	3,479 "," 	3,825 "," 	4,102 "," 	4,546 ","5,113"," 	5,398 ",121.8,0.1%,"5,398",,"5,405","5,412","5,430","5,449","5,476"," 	5,495 "," 	5,515 "," 	5,570 "," 	5,592 ",
027,05490,2502705490,Berlin town,12.9," 	1,075 "," 	1,057 "," 	1,349 "," 	1,742 "," 	2,099 "," 	2,215 "," 	2,293 ","2,380"," 	2,866 ",221.7,0.0%,"2,868",2,"2,872","2,889","2,997","3,039","3,074"," 	3,108 "," 	3,136 "," 	3,179 "," 	3,220 ",
027,06015,2502706015,Blackstone town,10.9," 	4,674 "," 	4,566 "," 	4,968 "," 	5,130 "," 	6,566 "," 	6,570 "," 	8,023 ","8,886"," 	9,026 ",827.8,0.1%,"9,011",2,"9,016","9,048","9,089","9,136","9,178"," 	9,201 "," 	9,233 "," 	9,310 "," 	9,326 ",
027,06365,2502706365,Bolton town,19.9, 	764 , 	775 , 	956 ," 	1,264 "," 	1,905 "," 	2,530 "," 	3,134 ","4,148"," 	4,897 ",245.7,0.1%,"4,899",2,"4,930","4,981","5,017","5,078","5,135"," 	5,174 "," 	5,223 "," 	5,286 "," 	5,376 ",
027,07525,2502707525,Boylston town,16.0," 	1,097 "," 	1,388 "," 	1,700 "," 	2,367 "," 	2,774 "," 	3,470 "," 	3,517 ","4,008"," 	4,355 ",271.7,0.1%,"4,355",,"4,357","4,355","4,393","4,434","4,476"," 	4,527 "," 	4,572 "," 	4,635 "," 	4,688 ",
027,09105,2502709105,Brookfield town,15.5," 	1,352 "," 	1,393 "," 	1,567 "," 	1,751 "," 	2,063 "," 	2,397 "," 	2,968 ","3,051"," 	3,390 ",218.4,0.1%,"3,379",-11,"3,383","3,388","3,397","3,399","3,406"," 	3,415 "," 	3,423 "," 	3,442 "," 	3,458 ",
027,12715,2502712715,Charlton town,42.5," 	2,154 "," 	2,557 "," 	3,136 "," 	3,685 "," 	4,654 "," 	6,719 "," 	9,576 ","11,263"," 	12,981 ",305.2,0.2%,"12,991",1,"13,010","13,065","13,135","13,187","13,314"," 	13,389 "," 	13,453 "," 	13,582 "," 	13,697 ",
027,14395,2502714395,Clinton town,5.7," 	12,817 "," 	12,440 "," 	12,287 "," 	12,848 "," 	13,383 "," 	12,771 "," 	13,222 ","13,435"," 	13,606 ","2,385.7",0.2%,"13,600",-6,"13,624","13,643","13,693","13,748","13,788"," 	13,837 "," 	13,873 "," 	13,958 "," 	14,022 ",
027,17300,2502717300,Douglas town,36.4," 	2,195 "," 	2,617 "," 	2,624 "," 	2,559 "," 	2,947 "," 	3,730 "," 	5,438 ","7,045"," 	8,471 ",232.9,0.1%,"8,466",-5,"8,473","8,524","8,567","8,622","8,679"," 	8,710 "," 	8,746 "," 	8,867 "," 	8,954 ",
027,17685,2502717685,Dudley town,21.1," 	4,265 "," 	4,616 "," 	5,261 "," 	6,510 "," 	8,087 "," 	8,717 "," 	9,540 ","10,036"," 	11,390 ",541.0,0.2%,"11,375",-15,"11,462","11,460","11,384","11,500","11,540"," 	11,645 "," 	11,690 "," 	11,757 "," 	11,802 ",
027,18560,2502718560,East Brookfield town,9.8, 	926 ," 	1,016 "," 	1,243 "," 	1,533 "," 	1,801 "," 	1,955 "," 	2,033 ","2,097"," 	2,183 ",221.8,0.0%,"2,183",,"2,186","2,185","2,189","2,191","2,192"," 	2,190 "," 	2,189 "," 	2,195 "," 	2,215 ",
027,23875,2502723875,Fitchburg city,27.8," 	40,692 "," 	41,824 "," 	42,691 "," 	43,021 "," 	43,343 "," 	39,580 "," 	41,194 ","39,102"," 	40,318 ","1,452.3",0.6%,"40,325",7,"40,443","40,422","40,513","40,572","40,668"," 	40,686 "," 	40,680 "," 	40,800 "," 	40,882 ",
027,25485,2502725485,Gardner city,22.2," 	19,399 "," 	20,206 "," 	19,581 "," 	19,038 "," 	19,748 "," 	17,900 "," 	20,125 ","20,770"," 	20,228 ",911.6,0.3%,"20,233",2,"20,174","20,223","20,368","20,408","20,344"," 	20,522 "," 	20,542 "," 	20,650 "," 	20,719 ",
027,26430,2502726430,Grafton town,22.7," 	7,030 "," 	7,457 "," 	8,281 "," 	10,627 "," 	11,659 "," 	11,238 "," 	13,035 ","14,894"," 	17,765 ",781.2,0.3%,"17,763",-2,"17,789","17,890","18,055","18,174","18,383"," 	18,524 "," 	18,637 "," 	18,762 "," 	18,885 ",
027,28740,2502728740,Hardwick town,38.6," 	2,460 "," 	2,154 "," 	2,348 "," 	2,340 "," 	2,379 "," 	2,272 "," 	2,385 ","2,622"," 	2,990 ",77.5,0.0%,"3,001",11,"3,002","3,005","3,011","3,015","3,025"," 	3,025 "," 	3,029 "," 	3,033 "," 	3,056 ",
027,28950,2502728950,Harvard town,26.4, 	987 ," 	1,790 "," 	3,983 "," 	2,563 "," 	13,426 "," 	12,170 "," 	12,329 ","5,981"," 	6,520 ",247.4,0.1%,"6,522",2,"6,534","6,531","6,539","6,549","6,551"," 	6,539 "," 	6,549 "," 	6,569 "," 	6,610 ",
027,30560,2502730560,Holden town,35.0," 	3,871 "," 	3,924 "," 	5,975 "," 	10,117 "," 	12,564 "," 	13,336 "," 	14,628 ","15,621"," 	17,346 ",495.7,0.3%,"17,373",27,"17,399","17,534","17,674","18,018","18,506"," 	18,643 "," 	18,828 "," 	18,965 "," 	19,163 ",
027,30945,2502730945,Hopedale town,5.2," 	2,973 "," 	3,113 "," 	3,479 "," 	3,987 "," 	4,292 "," 	3,905 "," 	5,666 ","5,907"," 	5,911 ","1,146.5",0.1%,"5,894",-17,"5,897","5,908","5,923","5,937","5,938"," 	5,938 "," 	5,938 "," 	5,960 "," 	5,966 ",
027,31435,2502731435,Hubbardston town,41.0," 	1,010 "," 	1,022 "," 	1,134 "," 	1,217 "," 	1,437 "," 	1,797 "," 	2,797 ","3,909"," 	4,382 ",106.8,0.1%,"4,382",,"4,397","4,404","4,426","4,456","4,511"," 	4,577 "," 	4,637 "," 	4,716 "," 	4,787 ",
027,34165,2502734165,Lancaster town,27.7," 	2,897 "," 	2,963 "," 	3,601 "," 	3,958 "," 	6,095 "," 	6,334 "," 	6,661 ","6,382"," 	8,055 ",291.1,0.1%,"8,069",14,"8,077","8,007","8,083","7,991","7,911"," 	7,956 "," 	8,026 "," 	8,132 "," 	8,185 ",
027,34795,2502734795,Leicester town,23.4," 	4,445 "," 	4,851 "," 	6,029 "," 	8,177 "," 	9,140 "," 	9,446 "," 	10,191 ","10,471"," 	10,970 ",469.6,0.2%,"10,892",-78,"10,910","10,987","11,106","11,168","11,197"," 	11,251 "," 	11,278 "," 	11,337 "," 	11,394 ",
027,35075,2502735075,Leominster city,28.9," 	21,810 "," 	22,226 "," 	24,075 "," 	27,929 "," 	32,939 "," 	34,508 "," 	38,145 ","41,303"," 	40,759 ","1,411.4",0.6%,"40,760",1,"40,782","40,904","40,946","41,127","41,506"," 	41,569 "," 	41,418 "," 	41,618 "," 	41,823 ",
027,37420,2502737420,Lunenburg town,26.4," 	1,923 "," 	2,195 "," 	3,906 "," 	6,334 "," 	7,419 "," 	8,405 "," 	9,117 ","9,401"," 	10,086 ",381.7,0.2%,"10,076",-7,"10,084","10,813","10,849","10,988","11,041"," 	11,158 "," 	11,204 "," 	11,302 "," 	11,657 ",
027,40255,2502740255,Mendon town,18.1," 	1,107 "," 	1,315 "," 	1,619 "," 	2,068 "," 	2,524 "," 	3,108 "," 	4,010 ","5,302"," 	5,839 ",322.6,0.1%,"5,856",17,"5,862","5,874","5,892","5,911","5,965"," 	6,019 "," 	6,042 "," 	6,112 "," 	6,183 ",
027,41165,2502741165,Milford town,14.6," 	14,741 "," 	15,388 "," 	15,442 "," 	15,749 "," 	19,352 "," 	23,390 "," 	25,355 ","26,720"," 	27,999 ","1,917.7",0.4%,"27,997",-2,"28,042","28,120","28,223","28,329","28,546"," 	28,643 "," 	28,751 "," 	28,945 "," 	29,105 ",
027,41340,2502741340,Millbury town,15.7," 	6,957 "," 	6,983 "," 	8,347 "," 	9,623 "," 	11,987 "," 	11,808 "," 	12,228 ","12,784"," 	13,261 ",842.9,0.2%,"13,238",-23,"13,247","13,271","13,322","13,414","13,461"," 	13,507 "," 	13,575 "," 	13,729 "," 	13,866 ",
027,41585,2502741585,Millville town,4.9," 	2,111 "," 	1,722 "," 	1,692 "," 	1,567 "," 	1,764 "," 	1,693 "," 	2,236 ","2,642"," 	3,190 ",646.5,0.0%,"3,189",-1,"3,191","3,191","3,200","3,212","3,222"," 	3,228 "," 	3,243 "," 	3,253 "," 	3,265 ",
027,45105,2502745105,New Braintree town,20.7, 	407 , 	439 , 	478 , 	509 , 	631 , 	671 , 	881 ,927, 	999 ,48.3,0.0%,999,,"1,002","1,010","1,020","1,022","1,022"," 	1,022 "," 	1,022 "," 	1,025 "," 	1,029 ",
027,47135,2502747135,North Brookfield town,21.1," 	3,013 "," 	3,304 "," 	3,444 "," 	3,616 "," 	3,967 "," 	4,150 "," 	4,708 ","4,683"," 	4,680 ",222.2,0.1%,"4,680",,"4,687","4,695","4,711","4,732","4,739"," 	4,760 "," 	4,767 "," 	4,792 "," 	4,808 ",
027,46820,2502746820,Northborough town,18.5," 	1,946 "," 	2,382 "," 	3,122 "," 	6,687 "," 	9,218 "," 	10,568 "," 	11,929 ","14,013"," 	14,155 ",763.8,0.2%,"14,157",2,"14,397","14,664","14,646","14,749","14,905"," 	14,944 "," 	14,962 "," 	15,038 "," 	15,101 ",
027,46925,2502746925,Northbridge town,17.2," 	9,713 "," 	10,242 "," 	10,476 "," 	10,800 "," 	11,887 "," 	12,246 "," 	13,371 ","13,182"," 	15,707 ",914.1,0.2%,"15,708",1,"15,729","15,866","16,121","16,249","16,335"," 	16,430 "," 	16,502 "," 	16,643 "," 	16,732 ",
027,50670,2502750670,Oakham town,21.1, 	502 , 	423 , 	455 , 	524 , 	730 , 	994 ," 	1,503 ","1,673"," 	1,902 ",90.1,0.0%,"1,905",3,"1,906","1,909","1,913","1,919","1,923"," 	1,926 "," 	1,936 "," 	1,949 "," 	1,963 ",
027,51825,2502751825,Oxford town,26.6," 	3,943 "," 	4,623 "," 	5,851 "," 	9,282 "," 	10,345 "," 	11,680 "," 	12,588 ","13,352"," 	13,709 ",514.9,0.2%,"13,711",-1,"13,720","13,742","13,786","13,823","13,866"," 	13,897 "," 	13,915 "," 	13,984 "," 	14,041 ",
027,52420,2502752420,Paxton town,14.7, 	672 , 	791 ," 	1,066 "," 	2,399 "," 	3,731 "," 	3,762 "," 	4,047 ","4,386"," 	4,806 ",326.2,0.1%,"4,797",-9,"4,816","4,845","4,818","4,824","4,819"," 	4,810 "," 	4,841 "," 	4,937 "," 	4,963 ",
027,53120,2502753120,Petersham town,54.2, 	660 , 	923 , 	814 , 	890 ," 	1,015 "," 	1,024 "," 	1,131 ","1,180"," 	1,234 ",22.8,0.0%,"1,238",4,"1,239","1,245","1,249","1,251","1,250"," 	1,250 "," 	1,251 "," 	1,254 "," 	1,253 ",
027,53225,2502753225,Phillipston town,24.3, 	357 , 	481 , 	638 , 	695 , 	872 , 	953 ," 	1,485 ","1,623"," 	1,682 ",69.3,0.0%,"1,687",5,"1,688","1,695","1,708","1,718","1,723"," 	1,732 "," 	1,735 "," 	1,745 "," 	1,751 ",
027,55395,2502755395,Princeton town,35.4, 	717 , 	713 ," 	1,032 "," 	1,360 "," 	1,681 "," 	2,425 "," 	3,189 ","3,353"," 	3,413 ",96.3,0.1%,"3,413",,"3,417","3,431","3,435","3,442","3,444"," 	3,444 "," 	3,440 "," 	3,455 "," 	3,478 ",
027,58580,2502758580,Royalston town,41.9, 	744 , 	795 , 	838 , 	800 , 	809 , 	955 ," 	1,147 ","1,254"," 	1,258 ",30.0,0.0%,"1,258",,"1,259","1,259","1,264","1,268","1,269"," 	1,271 "," 	1,269 "," 	1,272 "," 	1,276 ",
027,58825,2502758825,Rutland town,35.3," 	2,442 "," 	2,181 "," 	3,056 "," 	3,253 "," 	3,198 "," 	4,334 "," 	4,936 ","6,353"," 	7,973 ",226.1,0.1%,"7,979",6,"8,004","8,118","8,201","8,278","8,363"," 	8,467 "," 	8,539 "," 	8,705 "," 	8,846 ",
027,61800,2502761800,Shrewsbury town,20.7," 	6,910 "," 	7,586 "," 	10,594 "," 	16,622 "," 	19,196 "," 	22,674 "," 	24,146 ","31,640"," 	35,608 ","1,717.7",0.5%,"35,559",-49,"35,623","35,847","36,034","36,271","36,505"," 	36,647 "," 	36,650 "," 	37,340 "," 	37,973 ",
027,63165,2502763165,Southborough town,14.1," 	2,166 "," 	2,231 "," 	2,760 "," 	3,996 "," 	5,798 "," 	6,193 "," 	6,628 ","8,781"," 	9,767 ",690.4,0.1%,"9,767",,"9,775","9,816","9,851","9,894","9,936"," 	10,015 "," 	10,087 "," 	10,138 "," 	10,169 ",
027,63345,2502763345,Southbridge Town city,20.4," 	14,264 "," 	16,825 "," 	17,519 "," 	16,523 "," 	17,057 "," 	16,665 "," 	17,816 ","17,214"," 	16,719 ",821.1,0.3%,"16,709",-1,"16,723","16,746","16,791","16,799","16,837"," 	16,862 "," 	16,868 "," 	16,899 "," 	16,931 ",
027,66105,2502766105,Spencer town,32.8," 	6,272 "," 	6,641 "," 	7,027 "," 	7,838 "," 	8,779 "," 	10,774 "," 	11,645 ","11,691"," 	11,688 ",355.8,0.2%,"11,704",5,"11,711","11,742","11,777","11,811","11,840"," 	11,833 "," 	11,918 "," 	11,972 "," 	11,971 ",
027,67385,2502767385,Sterling town,30.5," 	1,502 "," 	1,713 "," 	2,166 "," 	3,193 "," 	4,247 "," 	5,440 "," 	6,481 ","7,257"," 	7,808 ",255.8,0.1%,"7,798",-1,"7,805","7,819","7,851","7,870","7,923"," 	7,971 "," 	8,031 "," 	8,134 "," 	8,190 ",
027,68155,2502768155,Sturbridge town,37.4," 	1,772 "," 	2,227 "," 	2,805 "," 	3,604 "," 	4,878 "," 	5,976 "," 	7,775 ","7,837"," 	9,268 ",247.7,0.1%,"9,264",-4,"9,278","9,317","9,352","9,403","9,458"," 	9,483 "," 	9,529 "," 	9,582 "," 	9,640 ",
027,68610,2502768610,Sutton town,32.4," 	2,147 "," 	2,749 "," 	3,102 "," 	3,638 "," 	4,590 "," 	5,855 "," 	6,824 ","8,250"," 	8,963 ",276.8,0.1%,"8,968",5,"8,978","9,027","9,091","9,156","9,225"," 	9,283 "," 	9,368 "," 	9,464 "," 	9,551 ",
027,69275,2502769275,Templeton town,32.0," 	4,159 "," 	4,601 "," 	4,757 "," 	5,371 "," 	5,863 "," 	6,070 "," 	6,438 ","6,799"," 	8,013 ",250.1,0.1%,"7,982",-31,"8,001","8,003","8,030","8,083","8,109"," 	8,099 "," 	8,109 "," 	8,137 "," 	8,153 ",
027,71480,2502771480,Upton town,21.5," 	2,026 "," 	2,249 "," 	2,656 "," 	3,127 "," 	3,488 "," 	3,886 "," 	4,677 ","5,713"," 	7,542 ",350.5,0.1%,"7,540",-2,"7,555","7,604","7,641","7,672","7,703"," 	7,716 "," 	7,780 "," 	7,923 "," 	8,012 ",
027,71620,2502771620,Uxbridge town,29.5," 	6,285 "," 	6,417 "," 	7,007 "," 	7,789 "," 	8,253 "," 	8,374 "," 	10,415 ","11,156"," 	13,457 ",455.5,0.2%,"13,457",,"13,472","13,506","13,554","13,650","13,732"," 	13,821 "," 	13,876 "," 	13,999 "," 	14,095 ",
027,73090,2502773090,Warren town,27.5," 	3,765 "," 	3,531 "," 	3,406 "," 	3,383 "," 	3,633 "," 	3,777 "," 	4,437 ","4,776"," 	5,135 ",186.5,0.1%,"5,135",,"5,140","5,148","5,161","5,178","5,188"," 	5,197 "," 	5,200 "," 	5,219 "," 	5,248 ",
027,73895,2502773895,Webster town,12.5," 	12,992 "," 	13,186 "," 	13,194 "," 	13,680 "," 	14,917 "," 	14,480 "," 	16,196 ","16,415"," 	16,767 ","1,342.4",0.3%,"16,772",5,"16,786","16,801","16,834","16,877","16,892"," 	16,923 "," 	16,949 "," 	17,022 "," 	17,027 ",
027,75155,2502775155,West Boylston town,12.9," 	2,114 "," 	1,822 "," 	2,570 "," 	5,526 "," 	6,369 "," 	6,204 "," 	6,611 ","7,481"," 	7,669 ",594.6,0.1%,"7,663",-6,"7,717","7,748","7,856","7,830","7,848"," 	7,820 "," 	7,858 "," 	8,002 "," 	8,215 ",
027,75400,2502775400,West Brookfield town,20.5," 	1,255 "," 	1,387 "," 	1,674 "," 	2,053 "," 	2,653 "," 	3,026 "," 	3,532 ","3,804"," 	3,701 ",180.8,0.1%,"3,691",47,"3,697","3,709","3,738","3,753","3,768"," 	3,769 "," 	3,757 "," 	3,774 "," 	3,785 ",
027,75015,2502775015,Westborough town,20.5," 	6,409 "," 	6,463 "," 	7,378 "," 	9,599 "," 	12,594 "," 	13,619 "," 	14,133 ","17,997"," 	18,272 ",890.2,0.3%,"18,278",6,"18,291","18,413","18,392","18,613","18,783"," 	18,881 "," 	18,959 "," 	19,114 "," 	19,189 ",
027,77010,2502777010,Westminster town,35.5," 	1,925 "," 	2,126 "," 	2,768 "," 	4,022 "," 	4,273 "," 	5,139 "," 	6,191 ","6,907"," 	7,277 ",204.9,0.1%,"7,271",-6,"7,280","7,301","7,343","7,409","7,455"," 	7,552 "," 	7,638 "," 	7,759 "," 	7,884 ",
027,80405,2502780405,Winchendon town,43.3," 	6,202 "," 	6,575 "," 	6,585 "," 	6,237 "," 	6,682 "," 	7,019 "," 	8,805 ","9,611"," 	10,300 ",238.0,0.2%,"10,332",32,"10,360","10,442","10,520","10,602","10,661"," 	10,738 "," 	10,808 "," 	10,865 "," 	10,911 ",
027,82000,2502782000,Worcester city,37.6," 	195,311 "," 	193,694 "," 	203,486 "," 	186,587 "," 	176,572 "," 	161,799 "," 	169,759 ","172,648"," 	181,045 ","4,820.1",2.8%,"181,009",-36,"181,878","182,489","182,694","183,458","184,698"," 	184,910 "," 	185,139 "," 	185,417 "," 	185,877 ",
